id,reference,title,service_code,owner,window_date,risk,impact,rollback,status,reviews,tasks,history,revision,governance
,CHG-2041,Rotate payment gateway certificates,PAY,Maya Chen,2026-09-15,High,Brief connection resets during coordinated certificate rotation.,Restore previous certificate bundle and reload gateway. Confirm successful transaction probes.,Review,[],"[{""id"":""t1"",""done"":false,""note"":"""",""owner"":""Maya Chen"",""title"":""Snapshot certificate store""},{""id"":""t2"",""done"":false,""note"":"""",""owner"":""Leo Grant"",""title"":""Rotate and verify transaction probes""}]","[{""at"":""2026-09-12T12:00:00Z"",""note"":""Risk assessment and rollback plan ready for review."",""event"":""Submitted""}]",1,
,CHG-2040,Update identity session policy,IDP,Jon Bell,2026-09-14,Medium,New sessions use the revised expiry policy.,Restore prior policy version; validate sign-in and expiry behavior.,Approved,"[{""at"":""2026-09-12T13:00:00Z"",""id"":""r1"",""note"":""Staging sign-in tests passed."",""decision"":""Approve"",""reviewer"":""Ari Taylor""}]","[{""id"":""t3"",""done"":false,""note"":"""",""owner"":""Jon Bell"",""title"":""Export current policy""},{""id"":""t4"",""done"":false,""note"":"""",""owner"":""Rae Park"",""title"":""Apply policy and verify SSO""}]","[{""at"":""2026-09-12T13:10:00Z"",""note"":""Implementation window confirmed."",""event"":""Approved""}]",1,
,CHG-2038,Rebuild reporting indexes,DATA,Priya Shah,2026-09-13,Low,Reporting queries may be slower during index rebuild.,Cancel rebuild and restore prior index definitions.,Implementing,"[{""at"":""2026-09-11T10:00:00Z"",""id"":""r2"",""note"":""Low impact and tested rollback."",""decision"":""Approve"",""reviewer"":""Ari Taylor""}]","[{""id"":""t5"",""done"":true,""note"":""Change step verified in maintenance window."",""owner"":""Priya Shah"",""title"":""Capture baseline query timings""},{""id"":""t6"",""done"":false,""note"":"""",""owner"":""Noah Reed"",""title"":""Rebuild indexes and compare timings""}]","[{""at"":""2026-09-13T00:00:00Z"",""note"":""Maintenance window started."",""event"":""Implementing""}]",1,
,CHG-2101,Payment retry budget update,PAY,Maya Chen,2026-09-14,High,Controlled maintenance may briefly affect gateway latency. Preserve the prior configuration and monitor the affected service.,"Restore the prior reviewed configuration snapshot, rerun baseline probes and record measured service recovery.",Review,[],"[{""id"":""CHG-2101-t0"",""done"":false,""note"":"""",""owner"":""Maya Chen"",""title"":""Capture baseline and rollback snapshot"",""dependsOn"":null,""expectedResult"":""Baseline timings and recoverable snapshot recorded""},{""id"":""CHG-2101-t1"",""done"":false,""note"":"""",""owner"":""Leo Grant"",""title"":""Apply the reviewed configuration"",""dependsOn"":""CHG-2101-t0"",""expectedResult"":""Configuration matches the reviewed plan""},{""id"":""CHG-2101-t2"",""done"":false,""note"":"""",""owner"":""Maya Chen"",""title"":""Validate service probes and metrics"",""dependsOn"":""CHG-2101-t1"",""expectedResult"":""Service probes pass and error rate remains at baseline""}]","[{""at"":""2026-09-13T01:05:08Z"",""note"":""Fictional enterprise benchmark example; no infrastructure operations performed."",""event"":""Review""}]",1,"{""testPlan"":""Compare baseline latency and error rates; run representative transaction/sign-in/report probes and capture results."",""windowEnd"":""2026-09-14T22:00:00Z"",""postReviews"":[],""windowStart"":""2026-09-14T21:00:00Z"",""planRevision"":1,""affectedServices"":[""PAY""]}"
,CHG-2102,SSO signing-key rotation,IDP,Jon Bell,2026-09-15,High,Controlled maintenance may briefly affect new sign-in sessions. Preserve the prior configuration and monitor the affected service.,"Restore the prior reviewed configuration snapshot, rerun baseline probes and record measured service recovery.",Approved,"[{""at"":""2026-09-13T01:05:08Z"",""id"":""CHG-2102-r0"",""note"":""Synthetic benchmark: impact, rollback and validation checklist reviewed."",""role"":""Service owner"",""decision"":""Approve"",""reviewer"":""Ari Taylor"",""planRevision"":1,""testsChecked"":true,""impactChecked"":true,""rollbackChecked"":true},{""at"":""2026-09-13T01:05:08Z"",""id"":""CHG-2102-r1"",""note"":""Synthetic benchmark: impact, rollback and validation checklist reviewed."",""role"":""Operations"",""decision"":""Approve"",""reviewer"":""Morgan Lee"",""planRevision"":1,""testsChecked"":true,""impactChecked"":true,""rollbackChecked"":true},{""at"":""2026-09-13T01:05:08Z"",""id"":""CHG-2102-r2"",""note"":""Synthetic benchmark: impact, rollback and validation checklist reviewed."",""role"":""Security"",""decision"":""Approve"",""reviewer"":""Rae Park"",""planRevision"":1,""testsChecked"":true,""impactChecked"":true,""rollbackChecked"":true}]","[{""id"":""CHG-2102-t0"",""done"":false,""note"":"""",""owner"":""Jon Bell"",""title"":""Capture baseline and rollback snapshot"",""dependsOn"":null,""expectedResult"":""Baseline timings and recoverable snapshot recorded""},{""id"":""CHG-2102-t1"",""done"":false,""note"":"""",""owner"":""Leo Grant"",""title"":""Apply the reviewed configuration"",""dependsOn"":""CHG-2102-t0"",""expectedResult"":""Configuration matches the reviewed plan""},{""id"":""CHG-2102-t2"",""done"":false,""note"":"""",""owner"":""Jon Bell"",""title"":""Validate service probes and metrics"",""dependsOn"":""CHG-2102-t1"",""expectedResult"":""Service probes pass and error rate remains at baseline""}]","[{""at"":""2026-09-13T01:05:08Z"",""note"":""Fictional enterprise benchmark example; no infrastructure operations performed."",""event"":""Approved""}]",1,"{""testPlan"":""Compare baseline latency and error rates; run representative transaction/sign-in/report probes and capture results."",""windowEnd"":""2026-09-15T21:30:00Z"",""postReviews"":[],""windowStart"":""2026-09-15T20:00:00Z"",""planRevision"":1,""affectedServices"":[""IDP""]}"
,CHG-2103,Warehouse partition maintenance,DATA,Priya Shah,2026-09-13,Low,Controlled maintenance may briefly affect report freshness. Preserve the prior configuration and monitor the affected service.,"Restore the prior reviewed configuration snapshot, rerun baseline probes and record measured service recovery.",Implementing,"[{""at"":""2026-09-13T01:05:08Z"",""id"":""CHG-2103-r0"",""note"":""Synthetic benchmark: impact, rollback and validation checklist reviewed."",""role"":""Service owner"",""decision"":""Approve"",""reviewer"":""Ari Taylor"",""planRevision"":1,""testsChecked"":true,""impactChecked"":true,""rollbackChecked"":true},{""at"":""2026-09-13T01:05:08Z"",""id"":""CHG-2103-r1"",""note"":""Synthetic benchmark: impact, rollback and validation checklist reviewed."",""role"":""Operations"",""decision"":""Approve"",""reviewer"":""Morgan Lee"",""planRevision"":1,""testsChecked"":true,""impactChecked"":true,""rollbackChecked"":true}]","[{""id"":""CHG-2103-t0"",""done"":true,""note"":""Baseline and snapshot checked."",""owner"":""Priya Shah"",""title"":""Capture baseline and rollback snapshot"",""dependsOn"":null,""expectedResult"":""Baseline timings and recoverable snapshot recorded""},{""id"":""CHG-2103-t1"",""done"":false,""note"":"""",""owner"":""Leo Grant"",""title"":""Apply the reviewed configuration"",""dependsOn"":""CHG-2103-t0"",""expectedResult"":""Configuration matches the reviewed plan""},{""id"":""CHG-2103-t2"",""done"":false,""note"":"""",""owner"":""Priya Shah"",""title"":""Validate service probes and metrics"",""dependsOn"":""CHG-2103-t1"",""expectedResult"":""Service probes pass and error rate remains at baseline""}]","[{""at"":""2026-09-13T01:05:08Z"",""note"":""Fictional enterprise benchmark example; no infrastructure operations performed."",""event"":""Implementing""}]",1,"{""testPlan"":""Compare baseline latency and error rates; run representative transaction/sign-in/report probes and capture results."",""windowEnd"":""2026-09-13T03:00:00Z"",""postReviews"":[],""windowStart"":""2026-09-13T02:00:00Z"",""planRevision"":1,""affectedServices"":[""DATA""]}"
,CHG-2104,Gateway connection pool limits,PAY,Maya Chen,2026-09-14,Medium,Controlled maintenance may briefly affect gateway latency. Preserve the prior configuration and monitor the affected service.,"Restore the prior reviewed configuration snapshot, rerun baseline probes and record measured service recovery.",Draft,[],"[{""id"":""CHG-2104-t0"",""done"":false,""note"":"""",""owner"":""Maya Chen"",""title"":""Capture baseline and rollback snapshot"",""dependsOn"":null,""expectedResult"":""Baseline timings and recoverable snapshot recorded""},{""id"":""CHG-2104-t1"",""done"":false,""note"":"""",""owner"":""Leo Grant"",""title"":""Apply the reviewed configuration"",""dependsOn"":""CHG-2104-t0"",""expectedResult"":""Configuration matches the reviewed plan""},{""id"":""CHG-2104-t2"",""done"":false,""note"":"""",""owner"":""Maya Chen"",""title"":""Validate service probes and metrics"",""dependsOn"":""CHG-2104-t1"",""expectedResult"":""Service probes pass and error rate remains at baseline""}]","[{""at"":""2026-09-13T01:05:08Z"",""note"":""Fictional enterprise benchmark example; no infrastructure operations performed."",""event"":""Draft""}]",1,"{""testPlan"":""Compare baseline latency and error rates; run representative transaction/sign-in/report probes and capture results."",""windowEnd"":""2026-09-14T22:30:00Z"",""postReviews"":[],""windowStart"":""2026-09-14T21:30:00Z"",""planRevision"":1,""affectedServices"":[""PAY""]}"
,CHG-2105,Identity audit retention update,IDP,Jon Bell,2026-09-13,Medium,Controlled maintenance may briefly affect new sign-in sessions. Preserve the prior configuration and monitor the affected service.,"Restore the prior reviewed configuration snapshot, rerun baseline probes and record measured service recovery.",Post-review,"[{""at"":""2026-09-13T01:05:08Z"",""id"":""CHG-2105-r0"",""note"":""Synthetic benchmark: impact, rollback and validation checklist reviewed."",""role"":""Service owner"",""decision"":""Approve"",""reviewer"":""Ari Taylor"",""planRevision"":1,""testsChecked"":true,""impactChecked"":true,""rollbackChecked"":true},{""at"":""2026-09-13T01:05:08Z"",""id"":""CHG-2105-r1"",""note"":""Synthetic benchmark: impact, rollback and validation checklist reviewed."",""role"":""Operations"",""decision"":""Approve"",""reviewer"":""Morgan Lee"",""planRevision"":1,""testsChecked"":true,""impactChecked"":true,""rollbackChecked"":true}]","[{""id"":""CHG-2105-t0"",""done"":true,""note"":""Synthetic evidence: expected result verified."",""owner"":""Jon Bell"",""title"":""Capture baseline and rollback snapshot"",""dependsOn"":null,""expectedResult"":""Baseline timings and recoverable snapshot recorded""},{""id"":""CHG-2105-t1"",""done"":true,""note"":""Synthetic evidence: expected result verified."",""owner"":""Leo Grant"",""title"":""Apply the reviewed configuration"",""dependsOn"":""CHG-2105-t0"",""expectedResult"":""Configuration matches the reviewed plan""},{""id"":""CHG-2105-t2"",""done"":true,""note"":""Synthetic evidence: expected result verified."",""owner"":""Jon Bell"",""title"":""Validate service probes and metrics"",""dependsOn"":""CHG-2105-t1"",""expectedResult"":""Service probes pass and error rate remains at baseline""}]","[{""at"":""2026-09-13T01:05:08Z"",""note"":""Fictional enterprise benchmark example; no infrastructure operations performed."",""event"":""Post-review""}]",1,"{""testPlan"":""Compare baseline latency and error rates; run representative transaction/sign-in/report probes and capture results."",""windowEnd"":""2026-09-13T01:00:00Z"",""postReviews"":[],""windowStart"":""2026-09-13T00:00:00Z"",""planRevision"":1,""affectedServices"":[""IDP""]}"
,CHG-2106,Reporting failover rehearsal,DATA,Priya Shah,2026-09-13,High,Controlled maintenance may briefly affect report freshness. Preserve the prior configuration and monitor the affected service.,"Restore the prior reviewed configuration snapshot, rerun baseline probes and record measured service recovery.",Rollback review,"[{""at"":""2026-09-13T01:05:08Z"",""id"":""CHG-2106-r0"",""note"":""Synthetic benchmark: impact, rollback and validation checklist reviewed."",""role"":""Service owner"",""decision"":""Approve"",""reviewer"":""Ari Taylor"",""planRevision"":1,""testsChecked"":true,""impactChecked"":true,""rollbackChecked"":true},{""at"":""2026-09-13T01:05:08Z"",""id"":""CHG-2106-r1"",""note"":""Synthetic benchmark: impact, rollback and validation checklist reviewed."",""role"":""Operations"",""decision"":""Approve"",""reviewer"":""Morgan Lee"",""planRevision"":1,""testsChecked"":true,""impactChecked"":true,""rollbackChecked"":true},{""at"":""2026-09-13T01:05:08Z"",""id"":""CHG-2106-r2"",""note"":""Synthetic benchmark: impact, rollback and validation checklist reviewed."",""role"":""Security"",""decision"":""Approve"",""reviewer"":""Rae Park"",""planRevision"":1,""testsChecked"":true,""impactChecked"":true,""rollbackChecked"":true}]","[{""id"":""CHG-2106-t0"",""done"":true,""note"":"""",""owner"":""Priya Shah"",""title"":""Capture baseline and rollback snapshot"",""dependsOn"":null,""expectedResult"":""Baseline timings and recoverable snapshot recorded""},{""id"":""CHG-2106-t1"",""done"":true,""note"":"""",""owner"":""Leo Grant"",""title"":""Apply the reviewed configuration"",""dependsOn"":""CHG-2106-t0"",""expectedResult"":""Configuration matches the reviewed plan""},{""id"":""CHG-2106-t2"",""done"":false,""note"":"""",""owner"":""Priya Shah"",""title"":""Validate service probes and metrics"",""dependsOn"":""CHG-2106-t1"",""expectedResult"":""Service probes pass and error rate remains at baseline""}]","[{""at"":""2026-09-13T01:05:08Z"",""note"":""Fictional enterprise benchmark example; no infrastructure operations performed."",""event"":""Rollback review""}]",1,"{""testPlan"":""Compare baseline latency and error rates; run representative transaction/sign-in/report probes and capture results."",""windowEnd"":""2026-09-13T05:00:00Z"",""postReviews"":[],""windowStart"":""2026-09-13T04:00:00Z"",""planRevision"":1,""affectedServices"":[""DATA""]}"
,CHG-2107,Payment health probe rollout,PAY,Maya Chen,2026-09-16,Low,Controlled maintenance may briefly affect gateway latency. Preserve the prior configuration and monitor the affected service.,"Restore the prior reviewed configuration snapshot, rerun baseline probes and record measured service recovery.",Approved,"[{""at"":""2026-09-13T01:05:08Z"",""id"":""CHG-2107-r0"",""note"":""Synthetic benchmark: impact, rollback and validation checklist reviewed."",""role"":""Service owner"",""decision"":""Approve"",""reviewer"":""Ari Taylor"",""planRevision"":1,""testsChecked"":true,""impactChecked"":true,""rollbackChecked"":true},{""at"":""2026-09-13T01:05:08Z"",""id"":""CHG-2107-r1"",""note"":""Synthetic benchmark: impact, rollback and validation checklist reviewed."",""role"":""Operations"",""decision"":""Approve"",""reviewer"":""Morgan Lee"",""planRevision"":1,""testsChecked"":true,""impactChecked"":true,""rollbackChecked"":true}]","[{""id"":""CHG-2107-t0"",""done"":false,""note"":"""",""owner"":""Maya Chen"",""title"":""Capture baseline and rollback snapshot"",""dependsOn"":null,""expectedResult"":""Baseline timings and recoverable snapshot recorded""},{""id"":""CHG-2107-t1"",""done"":false,""note"":"""",""owner"":""Leo Grant"",""title"":""Apply the reviewed configuration"",""dependsOn"":""CHG-2107-t0"",""expectedResult"":""Configuration matches the reviewed plan""},{""id"":""CHG-2107-t2"",""done"":false,""note"":"""",""owner"":""Maya Chen"",""title"":""Validate service probes and metrics"",""dependsOn"":""CHG-2107-t1"",""expectedResult"":""Service probes pass and error rate remains at baseline""}]","[{""at"":""2026-09-13T01:05:08Z"",""note"":""Fictional enterprise benchmark example; no infrastructure operations performed."",""event"":""Approved""}]",1,"{""testPlan"":""Compare baseline latency and error rates; run representative transaction/sign-in/report probes and capture results."",""windowEnd"":""2026-09-16T22:00:00Z"",""postReviews"":[],""windowStart"":""2026-09-16T21:00:00Z"",""planRevision"":1,""affectedServices"":[""PAY""]}"
,CHG-2108,Identity analytics access model,IDP,Jon Bell,2026-09-17,High,Controlled maintenance may briefly affect new sign-in sessions. Preserve the prior configuration and monitor the affected service.,"Restore the prior reviewed configuration snapshot, rerun baseline probes and record measured service recovery.",Draft,[],"[{""id"":""CHG-2108-t0"",""done"":false,""note"":"""",""owner"":""Jon Bell"",""title"":""Capture baseline and rollback snapshot"",""dependsOn"":null,""expectedResult"":""Baseline timings and recoverable snapshot recorded""},{""id"":""CHG-2108-t1"",""done"":false,""note"":"""",""owner"":""Leo Grant"",""title"":""Apply the reviewed configuration"",""dependsOn"":""CHG-2108-t0"",""expectedResult"":""Configuration matches the reviewed plan""},{""id"":""CHG-2108-t2"",""done"":false,""note"":"""",""owner"":""Jon Bell"",""title"":""Validate service probes and metrics"",""dependsOn"":""CHG-2108-t1"",""expectedResult"":""Service probes pass and error rate remains at baseline""}]","[{""at"":""2026-09-13T01:05:08Z"",""note"":""Fictional enterprise benchmark example; no infrastructure operations performed."",""event"":""Draft""}]",1,"{""testPlan"":""Compare baseline latency and error rates; run representative transaction/sign-in/report probes and capture results."",""windowEnd"":""2026-09-17T22:00:00Z"",""postReviews"":[],""windowStart"":""2026-09-17T20:00:00Z"",""planRevision"":1,""affectedServices"":[""IDP"",""DATA""]}"
