id,request_code,employee_code,employee_name,department,manager,application_code,application_name,role,justification,classification,requested_on,expires_on,due_on,status,manager_decision,security_required,security_decision,provisioning_ticket,last_note,revision,history
,AR-2101,EMP-101,Nora Bennett,Finance,Samuel Ortiz,APP-1,Atlas CRM,Sales representative,Support the quarter-end reconciliation and review invoice exceptions.,Standard,2026-09-06,2026-10-04,2026-09-12,Manager review,Pending,false,Not required,,,1,"[{""at"":""2026-09-06"",""note"":""Support the quarter-end reconciliation and review invoice exceptions."",""actor"":""Nora Bennett"",""action"":""Request submitted""}]"
,AR-2102,EMP-102,Ethan Park,Engineering,Owen Brooks,APP-2,Ledger ERP,Accounts payable,Join the payments service rotation and investigate production incidents.,Restricted,2026-09-07,2026-10-04,2026-09-13,Security review,Approved,true,Pending,,,1,"[{""at"":""2026-09-07"",""note"":""Join the payments service rotation and investigate production incidents."",""actor"":""Ethan Park"",""action"":""Request submitted""},{""at"":""2026-09-11"",""note"":""Business need confirmed."",""actor"":""Owen Brooks"",""action"":""Manager reviewed""}]"
,AR-2103,EMP-103,Amara Okafor,People operations,Elena Rossi,APP-3,Snowflake,Read-only analyst,Prepare the annual compensation review for the People team.,Restricted,2026-09-08,2026-10-04,2026-09-14,Approved,Approved,true,Approved,,,1,"[{""at"":""2026-09-08"",""note"":""Prepare the annual compensation review for the People team."",""actor"":""Amara Okafor"",""action"":""Request submitted""},{""at"":""2026-09-11"",""note"":""Business need confirmed."",""actor"":""Elena Rossi"",""action"":""Manager reviewed""}]"
,AR-2104,EMP-104,Luca Martin,Revenue operations,Maya Chen,APP-4,GitHub Enterprise,Developer,Cover regional sales reporting during the account lead’s leave.,Standard,2026-09-09,2026-09-12,2026-09-15,Active,Approved,false,Not required,IAM-8403,,1,"[{""at"":""2026-09-09"",""note"":""Cover regional sales reporting during the account lead’s leave."",""actor"":""Luca Martin"",""action"":""Request submitted""},{""at"":""2026-09-11"",""note"":""Business need confirmed."",""actor"":""Maya Chen"",""action"":""Manager reviewed""},{""at"":""2026-09-13"",""note"":""Recorded under IAM-8403"",""actor"":""IT operations"",""action"":""Access provisioned""}]"
,AR-2105,EMP-105,Sofia Alvarez,Design,Theo Clarke,APP-5,PeopleHub,HR analyst,Collaborate on the product onboarding redesign.,Restricted,2026-09-10,2026-10-04,2026-09-12,Manager review,Pending,true,Approved,,,1,"[{""at"":""2026-09-10"",""note"":""Collaborate on the product onboarding redesign."",""actor"":""Sofia Alvarez"",""action"":""Request submitted""}]"
,AR-2106,EMP-106,Noah Kim,Data platform,Priya Shah,APP-6,Figma Enterprise,Editor,Validate the monthly product adoption metrics for the leadership review.,Standard,2026-09-11,2026-09-24,2026-09-13,Active,Approved,false,Not required,IAM-8405,,1,"[{""at"":""2026-09-11"",""note"":""Validate the monthly product adoption metrics for the leadership review."",""actor"":""Noah Kim"",""action"":""Request submitted""},{""at"":""2026-09-11"",""note"":""Business need confirmed."",""actor"":""Priya Shah"",""action"":""Manager reviewed""},{""at"":""2026-09-13"",""note"":""Recorded under IAM-8405"",""actor"":""IT operations"",""action"":""Access provisioned""}]"
,AR-2107,EMP-107,Isla Wilson,Finance,Samuel Ortiz,APP-1,Atlas CRM,Sales representative,Support the quarter-end reconciliation and review invoice exceptions.,Standard,2026-09-12,2026-10-04,2026-09-14,Security review,Approved,false,Pending,,,1,"[{""at"":""2026-09-12"",""note"":""Support the quarter-end reconciliation and review invoice exceptions."",""actor"":""Isla Wilson"",""action"":""Request submitted""},{""at"":""2026-09-11"",""note"":""Business need confirmed."",""actor"":""Samuel Ortiz"",""action"":""Manager reviewed""}]"
,AR-2108,EMP-108,Arjun Mehta,Engineering,Owen Brooks,APP-2,Ledger ERP,Accounts payable,Join the payments service rotation and investigate production incidents.,Restricted,2026-09-06,2026-10-04,2026-09-15,Changes requested,Approved,true,Approved,,Please narrow the scope to the named project.,1,"[{""at"":""2026-09-06"",""note"":""Join the payments service rotation and investigate production incidents."",""actor"":""Arjun Mehta"",""action"":""Request submitted""},{""at"":""2026-09-11"",""note"":""Business need confirmed."",""actor"":""Owen Brooks"",""action"":""Manager reviewed""}]"
,AR-2109,EMP-109,Camille Dubois,Revenue operations,Maya Chen,APP-3,Snowflake,Read-only analyst,Prepare the annual compensation review for the People team.,Restricted,2026-09-07,2026-10-04,2026-09-12,Approved,Approved,true,Approved,,,1,"[{""at"":""2026-09-07"",""note"":""Prepare the annual compensation review for the People team."",""actor"":""Camille Dubois"",""action"":""Request submitted""},{""at"":""2026-09-11"",""note"":""Business need confirmed."",""actor"":""Maya Chen"",""action"":""Manager reviewed""}]"
,AR-2110,EMP-110,Oliver Grant,Data platform,Priya Shah,APP-4,GitHub Enterprise,Developer,Cover regional sales reporting during the account lead’s leave.,Standard,2026-09-08,2026-09-12,2026-09-13,Active,Approved,false,Not required,IAM-8409,,1,"[{""at"":""2026-09-08"",""note"":""Cover regional sales reporting during the account lead’s leave."",""actor"":""Oliver Grant"",""action"":""Request submitted""},{""at"":""2026-09-11"",""note"":""Business need confirmed."",""actor"":""Priya Shah"",""action"":""Manager reviewed""},{""at"":""2026-09-13"",""note"":""Recorded under IAM-8409"",""actor"":""IT operations"",""action"":""Access provisioned""}]"
,AR-2111,EMP-111,Aisha Hassan,People operations,Elena Rossi,APP-5,PeopleHub,HR analyst,Collaborate on the product onboarding redesign.,Restricted,2026-09-09,2026-10-04,2026-09-14,Rejected,Approved,true,Approved,,,1,"[{""at"":""2026-09-09"",""note"":""Collaborate on the product onboarding redesign."",""actor"":""Aisha Hassan"",""action"":""Request submitted""},{""at"":""2026-09-11"",""note"":""Business need confirmed."",""actor"":""Elena Rossi"",""action"":""Manager reviewed""}]"
,AR-2112,EMP-112,Leo Thompson,Design,Theo Clarke,APP-6,Figma Enterprise,Editor,Validate the monthly product adoption metrics for the leadership review.,Standard,2026-09-10,2026-09-30,2026-09-15,Active,Approved,false,Not required,IAM-8411,,1,"[{""at"":""2026-09-10"",""note"":""Validate the monthly product adoption metrics for the leadership review."",""actor"":""Leo Thompson"",""action"":""Request submitted""},{""at"":""2026-09-11"",""note"":""Business need confirmed."",""actor"":""Theo Clarke"",""action"":""Manager reviewed""},{""at"":""2026-09-13"",""note"":""Recorded under IAM-8411"",""actor"":""IT operations"",""action"":""Access provisioned""}]"
,AR-2113,EMP-101,Nora Bennett,Finance,Samuel Ortiz,APP-1,Atlas CRM,Sales representative,Support the quarter-end reconciliation and review invoice exceptions.,Standard,2026-09-11,2026-10-04,2026-09-12,Manager review,Pending,false,Not required,,,1,"[{""at"":""2026-09-11"",""note"":""Support the quarter-end reconciliation and review invoice exceptions."",""actor"":""Nora Bennett"",""action"":""Request submitted""}]"
,AR-2114,EMP-102,Ethan Park,Engineering,Owen Brooks,APP-2,Ledger ERP,Accounts payable,Join the payments service rotation and investigate production incidents.,Restricted,2026-09-12,2026-10-04,2026-09-13,Revoked,Approved,true,Approved,,,1,"[{""at"":""2026-09-12"",""note"":""Join the payments service rotation and investigate production incidents."",""actor"":""Ethan Park"",""action"":""Request submitted""},{""at"":""2026-09-11"",""note"":""Business need confirmed."",""actor"":""Owen Brooks"",""action"":""Manager reviewed""}]"
,AR-2115,EMP-103,Amara Okafor,People operations,Elena Rossi,APP-3,Snowflake,Read-only analyst,Prepare the annual compensation review for the People team.,Restricted,2026-09-06,2026-10-03,2026-09-14,Active,Approved,true,Approved,IAM-8414,,1,"[{""at"":""2026-09-06"",""note"":""Prepare the annual compensation review for the People team."",""actor"":""Amara Okafor"",""action"":""Request submitted""},{""at"":""2026-09-11"",""note"":""Business need confirmed."",""actor"":""Elena Rossi"",""action"":""Manager reviewed""},{""at"":""2026-09-13"",""note"":""Recorded under IAM-8414"",""actor"":""IT operations"",""action"":""Access provisioned""}]"
,AR-2116,EMP-104,Luca Martin,Revenue operations,Maya Chen,APP-4,GitHub Enterprise,Developer,Cover regional sales reporting during the account lead’s leave.,Standard,2026-09-07,2026-10-04,2026-09-15,Security review,Approved,false,Pending,,,1,"[{""at"":""2026-09-07"",""note"":""Cover regional sales reporting during the account lead’s leave."",""actor"":""Luca Martin"",""action"":""Request submitted""},{""at"":""2026-09-11"",""note"":""Business need confirmed."",""actor"":""Maya Chen"",""action"":""Manager reviewed""}]"
,AR-2117,EMP-105,Sofia Alvarez,Design,Theo Clarke,APP-5,PeopleHub,HR analyst,Collaborate on the product onboarding redesign.,Restricted,2026-09-08,2026-10-04,2026-09-12,Approved,Approved,true,Approved,,,1,"[{""at"":""2026-09-08"",""note"":""Collaborate on the product onboarding redesign."",""actor"":""Sofia Alvarez"",""action"":""Request submitted""},{""at"":""2026-09-11"",""note"":""Business need confirmed."",""actor"":""Theo Clarke"",""action"":""Manager reviewed""}]"
,AR-2118,EMP-106,Noah Kim,Data platform,Priya Shah,APP-6,Figma Enterprise,Editor,Validate the monthly product adoption metrics for the leadership review.,Standard,2026-09-09,2026-10-06,2026-09-13,Active,Approved,false,Not required,IAM-8417,,1,"[{""at"":""2026-09-09"",""note"":""Validate the monthly product adoption metrics for the leadership review."",""actor"":""Noah Kim"",""action"":""Request submitted""},{""at"":""2026-09-11"",""note"":""Business need confirmed."",""actor"":""Priya Shah"",""action"":""Manager reviewed""},{""at"":""2026-09-13"",""note"":""Recorded under IAM-8417"",""actor"":""IT operations"",""action"":""Access provisioned""}]"
