id,name,customer,owner,target,scope,status,milestones,blockers,launch_note,history,revision,governance
,Service operations launch,Aster Health,Alex Rivera,2026-09-18,"Launch a shared operations workspace for the regional team, with staged configuration and customer acceptance.",Active,"[{""id"":""m-0"",""due"":""2026-09-10"",""owner"":""Alex Rivera"",""title"":""Kickoff and success plan"",""status"":""Done"",""evidence"":""Customer goals and success criteria documented in the shared project notes."",""dependency"":""""},{""id"":""m-1"",""due"":""2026-09-15"",""owner"":""Jordan Ellis"",""title"":""Configuration and validation"",""status"":""In progress"",""evidence"":"""",""dependency"":""m-0""},{""id"":""m-2"",""due"":""2026-09-18"",""owner"":""Casey Martin"",""title"":""Customer acceptance"",""status"":""Not started"",""evidence"":"""",""dependency"":""m-1""},{""id"":""m-3"",""due"":""2026-09-20"",""owner"":""Alex Rivera"",""title"":""Support handover"",""status"":""Not started"",""evidence"":"""",""dependency"":""m-2""}]","[{""id"":""b-0"",""note"":""Customer owner to confirm the required input before validation can finish."",""owner"":""Elena Morris"",""title"":""Customer test data pending"",""status"":""Open"",""milestone"":""m-1"",""resolution"":""""}]",,"[{""at"":""2026-09-09T09:00:00Z"",""note"":""Fictional implementation plan with representative delivery states."",""event"":""Project created""}]",1,
,Supplier portal rollout,Northbridge Works,Jordan Ellis,2026-09-23,Replace the intake spreadsheet with a coordinated workflow and a documented support handover.,Active,"[{""id"":""m-0"",""due"":""2026-09-10"",""owner"":""Alex Rivera"",""title"":""Kickoff and success plan"",""status"":""Done"",""evidence"":""Customer goals and success criteria documented in the shared project notes."",""dependency"":""""},{""id"":""m-1"",""due"":""2026-09-15"",""owner"":""Jordan Ellis"",""title"":""Configuration and validation"",""status"":""In progress"",""evidence"":"""",""dependency"":""m-0""},{""id"":""m-2"",""due"":""2026-09-18"",""owner"":""Casey Martin"",""title"":""Customer acceptance"",""status"":""Not started"",""evidence"":"""",""dependency"":""m-1""},{""id"":""m-3"",""due"":""2026-09-20"",""owner"":""Alex Rivera"",""title"":""Support handover"",""status"":""Not started"",""evidence"":"""",""dependency"":""m-2""}]","[{""id"":""b-0"",""note"":""Customer owner to confirm the required input before validation can finish."",""owner"":""Marcus Bell"",""title"":""Customer identity provider review"",""status"":""Open"",""milestone"":""m-1"",""resolution"":""""}]",,"[{""at"":""2026-09-09T09:00:00Z"",""note"":""Fictional implementation plan with representative delivery states."",""event"":""Project created""}]",1,
,Client intake workspace,Harbor Finance,Casey Martin,2026-10-02,"Launch a shared operations workspace for the regional team, with staged configuration and customer acceptance.",Active,"[{""id"":""m-0"",""due"":""2026-09-10"",""owner"":""Alex Rivera"",""title"":""Kickoff and success plan"",""status"":""Done"",""evidence"":""Customer goals and success criteria documented in the shared project notes."",""dependency"":""""},{""id"":""m-1"",""due"":""2026-09-15"",""owner"":""Jordan Ellis"",""title"":""Configuration and validation"",""status"":""In progress"",""evidence"":"""",""dependency"":""m-0""},{""id"":""m-2"",""due"":""2026-09-18"",""owner"":""Casey Martin"",""title"":""Customer acceptance"",""status"":""Not started"",""evidence"":"""",""dependency"":""m-1""},{""id"":""m-3"",""due"":""2026-09-20"",""owner"":""Alex Rivera"",""title"":""Support handover"",""status"":""Not started"",""evidence"":"""",""dependency"":""m-2""}]",[],,"[{""at"":""2026-09-09T09:00:00Z"",""note"":""Fictional implementation plan with representative delivery states."",""event"":""Project created""}]",1,
,Regional learning hub,Summit Learning,Alex Rivera,2026-09-08,Replace the intake spreadsheet with a coordinated workflow and a documented support handover.,Live,"[{""id"":""m-0"",""due"":""2026-09-10"",""owner"":""Alex Rivera"",""title"":""Kickoff and success plan"",""status"":""Done"",""evidence"":""Customer goals and success criteria documented in the shared project notes."",""dependency"":""""},{""id"":""m-1"",""due"":""2026-09-15"",""owner"":""Jordan Ellis"",""title"":""Configuration and validation"",""status"":""Done"",""evidence"":""Customer goals and success criteria documented in the shared project notes."",""dependency"":""m-0""},{""id"":""m-2"",""due"":""2026-09-18"",""owner"":""Casey Martin"",""title"":""Customer acceptance"",""status"":""Done"",""evidence"":""Customer goals and success criteria documented in the shared project notes."",""dependency"":""m-1""},{""id"":""m-3"",""due"":""2026-09-20"",""owner"":""Alex Rivera"",""title"":""Support handover"",""status"":""Done"",""evidence"":""Customer goals and success criteria documented in the shared project notes."",""dependency"":""m-2""}]",[],Customer acceptance recorded after the successful regional pilot.,"[{""at"":""2026-09-09T09:00:00Z"",""note"":""Fictional implementation plan with representative delivery states."",""event"":""Project Live""}]",1,
,Field service expansion,Aster Health,Jordan Ellis,2026-10-10,"Launch a shared operations workspace for the regional team, with staged configuration and customer acceptance.",Active,"[{""id"":""m-0"",""due"":""2026-09-10"",""owner"":""Alex Rivera"",""title"":""Kickoff and success plan"",""status"":""Done"",""evidence"":""Customer goals and success criteria documented in the shared project notes."",""dependency"":""""},{""id"":""m-1"",""due"":""2026-09-15"",""owner"":""Jordan Ellis"",""title"":""Configuration and validation"",""status"":""In progress"",""evidence"":"""",""dependency"":""m-0""},{""id"":""m-2"",""due"":""2026-09-18"",""owner"":""Casey Martin"",""title"":""Customer acceptance"",""status"":""Not started"",""evidence"":"""",""dependency"":""m-1""},{""id"":""m-3"",""due"":""2026-09-20"",""owner"":""Alex Rivera"",""title"":""Support handover"",""status"":""Not started"",""evidence"":"""",""dependency"":""m-2""}]",[],,"[{""at"":""2026-09-09T09:00:00Z"",""note"":""Fictional implementation plan with representative delivery states."",""event"":""Project created""}]",1,
,Care coordination expansion,Aster Health,Maya Chen,2026-09-13,Expand the regional care coordination workspace with a dedicated referrals queue and escalation ownership.,Active,"[{""id"":""v2-m-0"",""due"":""2026-09-13"",""owner"":""Maya Chen"",""title"":""Agree service success measures"",""status"":""Done"",""evidence"":""Scenario results recorded in project workpaper LP-1-1"",""dependency"":""""},{""id"":""v2-m-1"",""due"":""2026-09-13"",""owner"":""Maya Chen"",""title"":""Configure care team queues"",""status"":""Done"",""evidence"":""Scenario results recorded in project workpaper LP-1-2"",""dependency"":""v2-m-0""},{""id"":""v2-m-2"",""due"":""2026-09-13"",""owner"":""Maya Chen"",""title"":""Validate referral journeys"",""status"":""In progress"",""evidence"":"""",""dependency"":""v2-m-1""},{""id"":""v2-m-3"",""due"":""2026-09-13"",""owner"":""Maya Chen"",""title"":""Prepare team access"",""status"":""Not started"",""evidence"":"""",""dependency"":""v2-m-2""}]","[{""id"":""v2-b-1"",""kind"":""Risk"",""note"":""Privacy owner must approve the representative validation dataset before customer testing."",""owner"":""Elena Morris"",""title"":""Customer validation dataset not approved"",""status"":""Open"",""severity"":""High"",""milestone"":""v2-m-2"",""resolution"":""""}]",,"[{""at"":""2026-09-12T10:00:00Z"",""note"":""Synthetic enterprise scenario with scope, delivery and launch evidence."",""event"":""Representative delivery plan""}]",1,"{""changes"":[{""at"":""2026-09-12T15:00:00Z"",""id"":""v2-c-1"",""scope"":""Expand referral intake to two regional queues with documented escalation ownership."",""title"":""Add a second regional referrals queue"",""impact"":""Adds configuration and validation work; customer accepts a six-day target shift."",""status"":""Pending"",""target"":""2026-09-19"",""requester"":""Elena Morris"",""baseRevision"":2}],""handovers"":[],""acceptances"":[],""planRevision"":2}"
,Relationship management rollout,Harbor Finance,Alex Rivera,2026-09-14,"Deliver relationship manager intake, case assignment and client follow-up tracking for the pilot team.",Active,"[{""id"":""v2-m-0"",""due"":""2026-09-14"",""owner"":""Alex Rivera"",""title"":""Confirm relationship team scope"",""status"":""Done"",""evidence"":""Scenario results recorded in project workpaper LP-2-1"",""dependency"":""""},{""id"":""v2-m-1"",""due"":""2026-09-14"",""owner"":""Alex Rivera"",""title"":""Configure onboarding cases"",""status"":""Done"",""evidence"":""Scenario results recorded in project workpaper LP-2-2"",""dependency"":""v2-m-0""},{""id"":""v2-m-2"",""due"":""2026-09-14"",""owner"":""Alex Rivera"",""title"":""Validate permission scenarios"",""status"":""Done"",""evidence"":""Scenario results recorded in project workpaper LP-2-3"",""dependency"":""v2-m-1""},{""id"":""v2-m-3"",""due"":""2026-09-14"",""owner"":""Alex Rivera"",""title"":""Run customer acceptance tests"",""status"":""Done"",""evidence"":""Scenario results recorded in project workpaper LP-2-4"",""dependency"":""v2-m-2""}]",[],,"[{""at"":""2026-09-12T10:00:00Z"",""note"":""Synthetic enterprise scenario with scope, delivery and launch evidence."",""event"":""Representative delivery plan""}]",1,"{""changes"":[],""handovers"":[],""acceptances"":[{""at"":""2026-09-12T12:00:00Z"",""id"":""v2-a-1"",""note"":""Customer tested the agreed scenarios and confirmed the operational requirements are met."",""outcome"":""Accepted"",""customer"":""Nina Cole"",""reference"":""UAT-LP-2-2026"",""planRevision"":3}],""planRevision"":3}"
,Regional campus launch,Summit Learning,Lena Park,2026-09-15,Launch the campus operations workspace with coordinator training and a documented support transfer.,Live,"[{""id"":""v2-m-0"",""due"":""2026-09-15"",""owner"":""Lena Park"",""title"":""Agree campus pilot"",""status"":""Done"",""evidence"":""Scenario results recorded in project workpaper LP-3-1"",""dependency"":""""},{""id"":""v2-m-1"",""due"":""2026-09-15"",""owner"":""Lena Park"",""title"":""Configure enrollment workspace"",""status"":""Done"",""evidence"":""Scenario results recorded in project workpaper LP-3-2"",""dependency"":""v2-m-0""},{""id"":""v2-m-2"",""due"":""2026-09-15"",""owner"":""Lena Park"",""title"":""Validate student support routing"",""status"":""Done"",""evidence"":""Scenario results recorded in project workpaper LP-3-3"",""dependency"":""v2-m-1""},{""id"":""v2-m-3"",""due"":""2026-09-15"",""owner"":""Lena Park"",""title"":""Complete coordinator training"",""status"":""Done"",""evidence"":""Scenario results recorded in project workpaper LP-3-4"",""dependency"":""v2-m-2""}]",[],Launch owner confirmed the tested project revision and customer acceptance.,"[{""at"":""2026-09-12T10:00:00Z"",""note"":""Synthetic enterprise scenario with scope, delivery and launch evidence."",""event"":""Representative delivery plan""}]",1,"{""changes"":[],""handovers"":[],""acceptances"":[{""at"":""2026-09-12T12:00:00Z"",""id"":""v2-a-1"",""note"":""Customer tested the agreed scenarios and confirmed the operational requirements are met."",""outcome"":""Accepted"",""customer"":""David Ellis"",""reference"":""UAT-LP-3-2026"",""planRevision"":2}],""planRevision"":2}"
,Supplier collaboration handover,Northbridge Works,Jordan Ellis,2026-09-20,Deliver supplier collaboration intake and exception review to the purchasing operations team.,Handed over,"[{""id"":""v2-m-0"",""due"":""2026-09-20"",""owner"":""Jordan Ellis"",""title"":""Confirm supplier collaboration scope"",""status"":""Done"",""evidence"":""Scenario results recorded in project workpaper LP-4-1"",""dependency"":""""},{""id"":""v2-m-1"",""due"":""2026-09-20"",""owner"":""Jordan Ellis"",""title"":""Configure qualification requirements"",""status"":""Done"",""evidence"":""Scenario results recorded in project workpaper LP-4-2"",""dependency"":""v2-m-0""},{""id"":""v2-m-2"",""due"":""2026-09-20"",""owner"":""Jordan Ellis"",""title"":""Validate exception routing"",""status"":""Done"",""evidence"":""Scenario results recorded in project workpaper LP-4-3"",""dependency"":""v2-m-1""},{""id"":""v2-m-3"",""due"":""2026-09-20"",""owner"":""Jordan Ellis"",""title"":""Complete purchasing team tests"",""status"":""Done"",""evidence"":""Scenario results recorded in project workpaper LP-4-4"",""dependency"":""v2-m-2""}]",[],Launch owner confirmed the tested project revision and customer acceptance.,"[{""at"":""2026-09-12T10:00:00Z"",""note"":""Synthetic enterprise scenario with scope, delivery and launch evidence."",""event"":""Representative delivery plan""}]",1,"{""changes"":[],""handovers"":[{""at"":""2026-09-12T14:00:00Z"",""id"":""v2-h-1"",""note"":""Support owner accepted ownership, access and incident escalation coverage."",""owner"":""Sam Brooks"",""outcome"":""Accepted"",""runbook"":""RUNBOOK-SUPPLIER-26"",""training"":""Purchasing support owners completed routing and escalation verification."",""planRevision"":4}],""acceptances"":[{""at"":""2026-09-12T12:00:00Z"",""id"":""v2-a-1"",""note"":""Customer tested the agreed scenarios and confirmed the operational requirements are met."",""outcome"":""Accepted"",""customer"":""Marcus Bell"",""reference"":""UAT-LP-4-2026"",""planRevision"":4}],""planRevision"":4}"
