id,redirected_from,referred_users_count,first_app_created_on,first_app_released_on,last_app_created_on,last_app_released_on,last_active_on,last_referred_on,subscription_starts_on,subscription_ends_on,signed_up_on
1,Email,3,1736965800000,1737052200000,1737138600000,1737225000000,1737311400000,1737397800000,1737484200000,1768684200000,1736793000000
2,Website,7,1737052200000,1737138600000,1737225000000,1737311400000,1737397800000,1737484200000,1737570600000,1768770600000,1736879400000
3,Organic-search,2,1737138600000,1737225000000,1737311400000,1737397800000,1737484200000,1737570600000,1737657000000,1768857000000,1736965800000
4,Advertisements,5,1737225000000,1737311400000,1737397800000,1737484200000,1737570600000,1737657000000,1737743400000,1768943400000,1737052200000
5,Paid-search,1,1737311400000,1737397800000,1737484200000,1737570600000,1737657000000,1737743400000,1737829800000,1769029800000,1737138600000
6,Email,4,1737397800000,1737484200000,1737570600000,1737657000000,1737743400000,1737829800000,1737916200000,1769116200000,1737225000000
7,Website,6,1737484200000,1737570600000,1737657000000,1737743400000,1737829800000,1737916200000,1738002600000,1769202600000,1737311400000
8,Organic-search,3,1737570600000,1737657000000,1737743400000,1737829800000,1737916200000,1738002600000,1738089000000,1769289000000,1737397800000
9,Advertisements,8,1737657000000,1737743400000,1737829800000,1737916200000,1738002600000,1738089000000,1738175400000,1769375400000,1737484200000
10,Paid-search,2,1737743400000,1737829800000,1737916200000,1738002600000,1738089000000,1738175400000,1738261800000,1769461800000,1737570600000
11,Email,5,1737829800000,1737916200000,1738002600000,1738089000000,1738175400000,1738261800000,1738348200000,1769548200000,1737657000000
12,Website,9,1737916200000,1738002600000,1738089000000,1738175400000,1738261800000,1738348200000,1738434600000,1769634600000,1737743400000
13,Organic-search,1,1738002600000,1738089000000,1738175400000,1738261800000,1738348200000,1738434600000,1738521000000,1769721000000,1737829800000
14,Advertisements,6,1738089000000,1738175400000,1738261800000,1738348200000,1738434600000,1738521000000,1738607400000,1769807400000,1737916200000
15,Paid-search,3,1738175400000,1738261800000,1738348200000,1738434600000,1738521000000,1738607400000,1738693800000,1769893800000,1738002600000
16,Email,7,1738261800000,1738348200000,1738434600000,1738521000000,1738607400000,1738693800000,1738780200000,1769980200000,1738089000000
17,Website,4,1738348200000,1738434600000,1738521000000,1738607400000,1738693800000,1738780200000,1738866600000,1770066600000,1738175400000
18,Organic-search,2,1738434600000,1738521000000,1738607400000,1738693800000,1738780200000,1738866600000,1738953000000,1770153000000,1738261800000
19,Advertisements,8,1738521000000,1738607400000,1738693800000,1738780200000,1738866600000,1738953000000,1739039400000,1770239400000,1738348200000
20,Paid-search,1,1738607400000,1738693800000,1738780200000,1738866600000,1738953000000,1739039400000,1739125800000,1770325800000,1738434600000
21,Email,6,1738693800000,1738780200000,1738866600000,1738953000000,1739039400000,1739125800000,1739212200000,1770412200000,1738521000000
22,Website,3,1738780200000,1738866600000,1738953000000,1739039400000,1739125800000,1739212200000,1739298600000,1770498600000,1738607400000
23,Organic-search,7,1738866600000,1738953000000,1739039400000,1739125800000,1739212200000,1739298600000,1739385000000,1770585000000,1738693800000
24,Advertisements,2,1738953000000,1739039400000,1739125800000,1739212200000,1739298600000,1739385000000,1739471400000,1770671400000,1738780200000
25,Paid-search,5,1739039400000,1739125800000,1739212200000,1739298600000,1739385000000,1739471400000,1739557800000,1770757800000,1738866600000
26,Email,8,1739125800000,1739212200000,1739298600000,1739385000000,1739471400000,1739557800000,1739644200000,1770844200000,1738953000000
27,Website,1,1739212200000,1739298600000,1739385000000,1739471400000,1739557800000,1739644200000,1739730600000,1770930600000,1739039400000
28,Organic-search,9,1739298600000,1739385000000,1739471400000,1739557800000,1739644200000,1739730600000,1739817000000,1771017000000,1739125800000
29,Advertisements,4,1739385000000,1739471400000,1739557800000,1739644200000,1739730600000,1739817000000,1739903400000,1771103400000,1739212200000
30,Paid-search,6,1739471400000,1739557800000,1739644200000,1739730600000,1739817000000,1739903400000,1739989800000,1771189800000,1739298600000
31,Email,2,1739557800000,1739644200000,1739730600000,1739817000000,1739903400000,1739989800000,1740076200000,1771276200000,1739385000000
32,Website,7,1739644200000,1739730600000,1739817000000,1739903400000,1739989800000,1740076200000,1740162600000,1771362600000,1739471400000
33,Organic-search,5,1739730600000,1739817000000,1739903400000,1739989800000,1740076200000,1740162600000,1740249000000,1771449000000,1739557800000
34,Advertisements,3,1739817000000,1739903400000,1739989800000,1740076200000,1740162600000,1740249000000,1740335400000,1771535400000,1739644200000
35,Paid-search,8,1739903400000,1739989800000,1740076200000,1740162600000,1740249000000,1740335400000,1740421800000,1771621800000,1739730600000
36,Email,1,1739989800000,1740076200000,1740162600000,1740249000000,1740335400000,1740421800000,1740508200000,1771708200000,1739817000000
37,Website,6,1740076200000,1740162600000,1740249000000,1740335400000,1740421800000,1740508200000,1740594600000,1771794600000,1739903400000
38,Organic-search,4,1740162600000,1740249000000,1740335400000,1740421800000,1740508200000,1740594600000,1740681000000,1771881000000,1739989800000
39,Advertisements,9,1740249000000,1740335400000,1740421800000,1740508200000,1740594600000,1740681000000,1740767400000,1771967400000,1740076200000
40,Paid-search,2,1740335400000,1740421800000,1740508200000,1740594600000,1740681000000,1740767400000,1740853800000,1772053800000,1740162600000
41,Email,7,1740421800000,1740508200000,1740594600000,1740681000000,1740767400000,1740853800000,1740940200000,1772140200000,1740249000000
42,Website,5,1740508200000,1740594600000,1740681000000,1740767400000,1740853800000,1740940200000,1741026600000,1772226600000,1740335400000
43,Organic-search,3,1740594600000,1740681000000,1740767400000,1740853800000,1740940200000,1741026600000,1741113000000,1772313000000,1740421800000
44,Advertisements,8,1740681000000,1740767400000,1740853800000,1740940200000,1741026600000,1741113000000,1741199400000,1772399400000,1740508200000
45,Paid-search,1,1740767400000,1740853800000,1740940200000,1741026600000,1741113000000,1741199400000,1741285800000,1772485800000,1740594600000
46,Email,6,1740853800000,1740940200000,1741026600000,1741113000000,1741199400000,1741285800000,1741372200000,1772572200000,1740681000000
47,Website,4,1740940200000,1741026600000,1741113000000,1741199400000,1741285800000,1741372200000,1741458600000,1772658600000,1740767400000
48,Organic-search,9,1741026600000,1741113000000,1741199400000,1741285800000,1741372200000,1741458600000,1741545000000,1772745000000,1740853800000
49,Advertisements,2,1741113000000,1741199400000,1741285800000,1741372200000,1741458600000,1741545000000,1741631400000,1772831400000,1740940200000
50,Paid-search,7,1741199400000,1741285800000,1741372200000,1741458600000,1741545000000,1741631400000,1741717800000,1772917800000,1741026600000
51,Email,5,1741285800000,1741372200000,1741458600000,1741545000000,1741631400000,1741717800000,1741804200000,1773004200000,1741113000000
52,Website,3,1741372200000,1741458600000,1741545000000,1741631400000,1741717800000,1741804200000,1741890600000,1773090600000,1741199400000
53,Organic-search,8,1741458600000,1741545000000,1741631400000,1741717800000,1741804200000,1741890600000,1741977000000,1773177000000,1741285800000
54,Advertisements,1,1741545000000,1741631400000,1741717800000,1741804200000,1741890600000,1741977000000,1742063400000,1773263400000,1741372200000
55,Paid-search,6,1741631400000,1741717800000,1741804200000,1741890600000,1741977000000,1742063400000,1742149800000,1773349800000,1741458600000
56,Email,4,1741717800000,1741804200000,1741890600000,1741977000000,1742063400000,1742149800000,1742236200000,1773436200000,1741545000000
57,Website,9,1741804200000,1741890600000,1741977000000,1742063400000,1742149800000,1742236200000,1742322600000,1773522600000,1741631400000
58,Organic-search,2,1741890600000,1741977000000,1742063400000,1742149800000,1742236200000,1742322600000,1742409000000,1773609000000,1741717800000
59,Advertisements,7,1741977000000,1742063400000,1742149800000,1742236200000,1742322600000,1742409000000,1742495400000,1773695400000,1741804200000
60,Paid-search,5,1742063400000,1742149800000,1742236200000,1742322600000,1742409000000,1742495400000,1742581800000,1773781800000,1741890600000
61,Email,3,1742149800000,1742236200000,1742322600000,1742409000000,1742495400000,1742581800000,1742668200000,1773868200000,1741977000000
62,Website,8,1742236200000,1742322600000,1742409000000,1742495400000,1742581800000,1742668200000,1742754600000,1773954600000,1742063400000
63,Organic-search,1,1742322600000,1742409000000,1742495400000,1742581800000,1742668200000,1742754600000,1742841000000,1774041000000,1742149800000
64,Advertisements,6,1742409000000,1742495400000,1742581800000,1742668200000,1742754600000,1742841000000,1742927400000,1774127400000,1742322600000
65,Paid-search,4,1742495400000,1742581800000,1742668200000,1742754600000,1742841000000,1742927400000,1743013800000,1774213800000,1742409000000
66,Email,9,1742581800000,1742668200000,1742754600000,1742841000000,1742927400000,1743013800000,1743100200000,1774300200000,1742495400000
67,Website,2,1742668200000,1742754600000,1742841000000,1742927400000,1743013800000,1743100200000,1743186600000,1774386600000,1742581800000
68,Organic-search,7,1742754600000,1742841000000,1742927400000,1743013800000,1743100200000,1743186600000,1743273000000,1774473000000,1742668200000
69,Advertisements,5,1742841000000,1742927400000,1743013800000,1743100200000,1743186600000,1743273000000,1743359400000,1774559400000,1742754600000
70,Paid-search,3,1742927400000,1743013800000,1743100200000,1743186600000,1743273000000,1743359400000,1743445800000,1774645800000,1742841000000
71,Email,8,1743013800000,1743100200000,1743186600000,1743273000000,1743359400000,1743445800000,1743532200000,1774732200000,1742927400000
72,Website,1,1743100200000,1743186600000,1743273000000,1743359400000,1743445800000,1743532200000,1743618600000,1774818600000,1743013800000
73,Organic-search,6,1743186600000,1743273000000,1743359400000,1743445800000,1743532200000,1743618600000,1743705000000,1774905000000,1743100200000
74,Advertisements,4,1743273000000,1743359400000,1743445800000,1743532200000,1743618600000,1743705000000,1743791400000,1774991400000,1743186600000
75,Paid-search,9,1743359400000,1743445800000,1743532200000,1743618600000,1743705000000,1743791400000,1743877800000,1775077800000,1743273000000
76,Email,2,1743445800000,1743532200000,1743618600000,1743705000000,1743791400000,1743877800000,1743964200000,1775164200000,1743359400000
77,Website,7,1743532200000,1743618600000,1743705000000,1743791400000,1743877800000,1743964200000,1744050600000,1775250600000,1743445800000
78,Organic-search,5,1743618600000,1743705000000,1743791400000,1743877800000,1743964200000,1744050600000,1744137000000,1775337000000,1743532200000
79,Advertisements,3,1743705000000,1743791400000,1743877800000,1743964200000,1744050600000,1744137000000,1744223400000,1775423400000,1743618600000
80,Paid-search,8,1743791400000,1743877800000,1743964200000,1744050600000,1744137000000,1744223400000,1744309800000,1775509800000,1743705000000
81,Email,1,1743877800000,1743964200000,1744050600000,1744137000000,1744223400000,1744309800000,1744396200000,1775596200000,1743791400000
82,Website,6,1743964200000,1744050600000,1744137000000,1744223400000,1744309800000,1744396200000,1744482600000,1775682600000,1743877800000
83,Organic-search,4,1744050600000,1744137000000,1744223400000,1744309800000,1744396200000,1744482600000,1744569000000,1775769000000,1743964200000
84,Advertisements,9,1744137000000,1744223400000,1744309800000,1744396200000,1744482600000,1744569000000,1744655400000,1775855400000,1744050600000
85,Paid-search,2,1744223400000,1744309800000,1744396200000,1744482600000,1744569000000,1744655400000,1744741800000,1775941800000,1744137000000
86,Email,7,1744309800000,1744396200000,1744482600000,1744569000000,1744655400000,1744741800000,1744828200000,1776028200000,1744223400000
87,Website,5,1744396200000,1744482600000,1744569000000,1744655400000,1744741800000,1744828200000,1744914600000,1776114600000,1744309800000
88,Organic-search,3,1744482600000,1744569000000,1744655400000,1744741800000,1744828200000,1744914600000,1745001000000,1776201000000,1744396200000
89,Advertisements,8,1744569000000,1744655400000,1744741800000,1744828200000,1744914600000,1745001000000,1745087400000,1776287400000,1744482600000
90,Paid-search,1,1744655400000,1744741800000,1744828200000,1744914600000,1745001000000,1745087400000,1745173800000,1776373800000,1744569000000
91,Email,6,1744741800000,1744828200000,1744914600000,1745001000000,1745087400000,1745173800000,1745260200000,1776460200000,1744655400000
92,Website,4,1744828200000,1744914600000,1745001000000,1745087400000,1745173800000,1745260200000,1745346600000,1776546600000,1744741800000
93,Organic-search,9,1744914600000,1745001000000,1745087400000,1745173800000,1745260200000,1745346600000,1745433000000,1776633000000,1744828200000
94,Advertisements,2,1745001000000,1745087400000,1745173800000,1745260200000,1745346600000,1745433000000,1745519400000,1776719400000,1744914600000
95,Paid-search,7,1745087400000,1745173800000,1745260200000,1745346600000,1745433000000,1745519400000,1745605800000,1776805800000,1745001000000
96,Email,5,1745173800000,1745260200000,1745346600000,1745433000000,1745519400000,1745605800000,1745692200000,1776892200000,1745087400000
97,Website,3,1745260200000,1745346600000,1745433000000,1745519400000,1745605800000,1745692200000,1745778600000,1776978600000,1745173800000
98,Organic-search,8,1745346600000,1745433000000,1745519400000,1745605800000,1745692200000,1745778600000,1745865000000,1777065000000,1745260200000
99,Advertisements,1,1745433000000,1745519400000,1745605800000,1745692200000,1745778600000,1745865000000,1745951400000,1777151400000,1745346600000
100,Paid-search,6,1745519400000,1745605800000,1745692200000,1745778600000,1745865000000,1745951400000,1746037800000,1777237800000,1745433000000
101,Email,4,1745605800000,1745692200000,1745778600000,1745865000000,1745951400000,1746037800000,1746124200000,1777324200000,1745519400000
102,Website,9,1745692200000,1745778600000,1745865000000,1745951400000,1746037800000,1746124200000,1746210600000,1777410600000,1745605800000
103,Organic-search,2,1745778600000,1745865000000,1745951400000,1746037800000,1746124200000,1746210600000,1746297000000,1777497000000,1745692200000
104,Advertisements,7,1745865000000,1745951400000,1746037800000,1746124200000,1746210600000,1746297000000,1746383400000,1777583400000,1745778600000
105,Paid-search,5,1745951400000,1746037800000,1746124200000,1746210600000,1746297000000,1746383400000,1746469800000,1777669800000,1745865000000
106,Email,3,1746037800000,1746124200000,1746210600000,1746297000000,1746383400000,1746469800000,1746556200000,1777756200000,1745951400000
107,Website,8,1746124200000,1746210600000,1746297000000,1746383400000,1746469800000,1746556200000,1746642600000,1777842600000,1746037800000
108,Organic-search,1,1746210600000,1746297000000,1746383400000,1746469800000,1746556200000,1746642600000,1746729000000,1777929000000,1746124200000
109,Advertisements,6,1746297000000,1746383400000,1746469800000,1746556200000,1746642600000,1746729000000,1746815400000,1778015400000,1746210600000
110,Paid-search,4,1746383400000,1746469800000,1746556200000,1746642600000,1746729000000,1746815400000,1746901800000,1778101800000,1746297000000
111,Email,9,1746469800000,1746556200000,1746642600000,1746729000000,1746815400000,1746901800000,1746988200000,1778188200000,1746383400000
112,Website,2,1746556200000,1746642600000,1746729000000,1746815400000,1746901800000,1746988200000,1747074600000,1778274600000,1746469800000
113,Organic-search,7,1746642600000,1746729000000,1746815400000,1746901800000,1746988200000,1747074600000,1747161000000,1778361000000,1746556200000
114,Advertisements,5,1746729000000,1746815400000,1746901800000,1746988200000,1747074600000,1747161000000,1747247400000,1778447400000,1746642600000
115,Paid-search,3,1746815400000,1746901800000,1746988200000,1747074600000,1747161000000,1747247400000,1747333800000,1778533800000,1746729000000
116,Email,8,1746901800000,1746988200000,1747074600000,1747161000000,1747247400000,1747333800000,1747420200000,1778620200000,1746815400000
117,Website,1,1746988200000,1747074600000,1747161000000,1747247400000,1747333800000,1747420200000,1747506600000,1778706600000,1746901800000
118,Organic-search,6,1747074600000,1747161000000,1747247400000,1747333800000,1747420200000,1747506600000,1747593000000,1778793000000,1746988200000
119,Advertisements,4,1747161000000,1747247400000,1747333800000,1747420200000,1747506600000,1747593000000,1747679400000,1778879400000,1747074600000
120,Paid-search,9,1747247400000,1747333800000,1747420200000,1747506600000,1747593000000,1747679400000,1747765800000,1778965800000,1747161000000
121,Email,2,1747333800000,1747420200000,1747506600000,1747593000000,1747679400000,1747765800000,1747852200000,1779052200000,1747247400000
122,Website,7,1747420200000,1747506600000,1747593000000,1747679400000,1747765800000,1747852200000,1747938600000,1779138600000,1747333800000
123,Organic-search,5,1747506600000,1747593000000,1747679400000,1747765800000,1747852200000,1747938600000,1748025000000,1779225000000,1747420200000
124,Advertisements,3,1747593000000,1747679400000,1747765800000,1747852200000,1747938600000,1748025000000,1748111400000,1779311400000,1747506600000
125,Paid-search,8,1747679400000,1747765800000,1747852200000,1747938600000,1748025000000,1748111400000,1748197800000,1779397800000,1747593000000
126,Email,1,1747765800000,1747852200000,1747938600000,1748025000000,1748111400000,1748197800000,1748284200000,1779484200000,1747679400000
127,Website,6,1747852200000,1747938600000,1748025000000,1748111400000,1748197800000,1748284200000,1748370600000,1779570600000,1747765800000
128,Organic-search,4,1747938600000,1748025000000,1748111400000,1748197800000,1748284200000,1748370600000,1748457000000,1779657000000,1747852200000
129,Advertisements,9,1748025000000,1748111400000,1748197800000,1748284200000,1748370600000,1748457000000,1748543400000,1779743400000,1747938600000
130,Paid-search,2,1748111400000,1748197800000,1748284200000,1748370600000,1748457000000,1748543400000,1748629800000,1779829800000,1748025000000
131,Email,7,1748197800000,1748284200000,1748370600000,1748457000000,1748543400000,1748629800000,1748716200000,1779916200000,1748111400000
132,Website,5,1748284200000,1748370600000,1748457000000,1748543400000,1748629800000,1748716200000,1748802600000,1780002600000,1748197800000
133,Organic-search,3,1748370600000,1748457000000,1748543400000,1748629800000,1748716200000,1748802600000,1748889000000,1780089000000,1748284200000
134,Advertisements,8,1748457000000,1748543400000,1748629800000,1748716200000,1748802600000,1748889000000,1748975400000,1780175400000,1748370600000
135,Paid-search,1,1748543400000,1748629800000,1748716200000,1748802600000,1748889000000,1748975400000,1749061800000,1780261800000,1748457000000
136,Email,6,1748629800000,1748716200000,1748802600000,1748889000000,1748975400000,1749061800000,1749148200000,1780348200000,1748543400000
137,Website,4,1748716200000,1748802600000,1748889000000,1748975400000,1749061800000,1749148200000,1749234600000,1780434600000,1748629800000
138,Organic-search,9,1748802600000,1748889000000,1748975400000,1749061800000,1749148200000,1749234600000,1749321000000,1780521000000,1748716200000
139,Advertisements,2,1748889000000,1748975400000,1749061800000,1749148200000,1749234600000,1749321000000,1749407400000,1780607400000,1748802600000
140,Paid-search,7,1748975400000,1749061800000,1749148200000,1749234600000,1749321000000,1749407400000,1749493800000,1780693800000,1748889000000
141,Email,5,1749061800000,1749148200000,1749234600000,1749321000000,1749407400000,1749493800000,1749580200000,1780780200000,1748975400000
142,Website,3,1749148200000,1749234600000,1749321000000,1749407400000,1749493800000,1749580200000,1749666600000,1780866600000,1749061800000
143,Organic-search,8,1749234600000,1749321000000,1749407400000,1749493800000,1749580200000,1749666600000,1749753000000,1780953000000,1749148200000
144,Advertisements,1,1749321000000,1749407400000,1749493800000,1749580200000,1749666600000,1749753000000,1749839400000,1781039400000,1749234600000
145,Paid-search,6,1749407400000,1749493800000,1749580200000,1749666600000,1749753000000,1749839400000,1749925800000,1781125800000,1749321000000
146,Email,4,1749493800000,1749580200000,1749666600000,1749753000000,1749839400000,1749925800000,1750012200000,1781212200000,1749407400000
147,Website,9,1749580200000,1749666600000,1749753000000,1749839400000,1749925800000,1750012200000,1750098600000,1781298600000,1749493800000
148,Organic-search,2,1749666600000,1749753000000,1749839400000,1749925800000,1750012200000,1750098600000,1750185000000,1781385000000,1749580200000
149,Advertisements,7,1749753000000,1749839400000,1749925800000,1750012200000,1750098600000,1750185000000,1750271400000,1781471400000,1749666600000
150,Paid-search,5,1749839400000,1749925800000,1750012200000,1750098600000,1750185000000,1750271400000,1750357800000,1781557800000,1749753000000