id,claim_ref,customer,email,product_sku,product_name,serial,purchased_on,received_on,due_on,policy_months,issue,proof_ref,owner,stage,decision,decision_reason,remedy,fulfillment_ref,outcome,revision,history
,WC-2401,Avery Morgan,avery.morgan@example.com,FRO-120,Frost countertop ice maker,SN-FRO-120-701,2026-06-16,2026-09-02,2026-09-11,24,Stops producing ice after 10 minutes,,Maya Brooks,New,Pending,,Undecided,,,1,"[{""at"":""2026-09-02"",""note"":""Stops producing ice after 10 minutes"",""action"":""Claim received""}]"
,WC-2402,Sofia Chen,sofia.chen@example.com,BRE-400,Brewline espresso machine,SN-BRE-400-702,2026-06-04,2026-09-03,2026-09-12,24,Pressure drops during extraction,RCPT-1101,Daniel Chen,Under review,Pending,,Undecided,,,1,"[{""at"":""2026-09-03"",""note"":""Pressure drops during extraction"",""action"":""Claim received""}]"
,WC-2403,Leo Martin,leo.martin@example.com,AIR-260,Airwell purifier,SN-AIR-260-703,2026-05-23,2026-09-04,2026-09-13,12,Fan motor makes a rattling sound,RCPT-1102,Priya Shah,Fulfillment,Accepted,Receipt and serial verified; fault falls within the sample product policy.,Replacement,,,1,"[{""at"":""2026-09-04"",""note"":""Fan motor makes a rattling sound"",""action"":""Claim received""},{""at"":""2026-09-12"",""note"":""Proof reviewed; replacement selected."",""action"":""Coverage accepted""}]"
,WC-2404,Isla Patel,isla.patel@example.com,VAC-800,Trail cordless vacuum,SN-VAC-800-704,2026-05-11,2026-09-05,2026-09-14,18,Battery no longer holds charge,,Maya Brooks,New,Pending,,Undecided,,,1,"[{""at"":""2026-09-05"",""note"":""Battery no longer holds charge"",""action"":""Claim received""}]"
,WC-2405,Noah Reed,noah.reed@example.com,MIX-700,Forge stand mixer,SN-MIX-700-705,2026-04-29,2026-09-06,2026-09-15,36,Drive head stalls under light load,RCPT-1104,Daniel Chen,Under review,Pending,,Undecided,,,1,"[{""at"":""2026-09-06"",""note"":""Drive head stalls under light load"",""action"":""Claim received""}]"
,WC-2406,Maya Brooks,maya.brooks@example.com,DES-100,Rise adjustable desk,SN-DES-100-706,2026-04-17,2026-09-07,2026-09-16,60,Desk motor stops mid-travel,RCPT-1105,Priya Shah,Closed,Accepted,Receipt and serial verified; fault falls within the sample product policy.,Repair,JOB-8305,Service completed and customer handover recorded.,1,"[{""at"":""2026-09-07"",""note"":""Desk motor stops mid-travel"",""action"":""Claim received""},{""at"":""2026-09-12"",""note"":""Proof reviewed; repair selected."",""action"":""Coverage accepted""},{""at"":""2026-09-13"",""note"":""Service completed and handover recorded."",""action"":""Claim closed""}]"
,WC-2407,Elena Rossi,elena.rossi@example.com,FRO-120,Frost countertop ice maker,SN-FRO-120-707,2026-04-05,2026-09-08,2026-09-11,24,Stops producing ice after 10 minutes,RCPT-1106,Maya Brooks,Fulfillment,Accepted,Receipt and serial verified; fault falls within the sample product policy.,Replacement,,,1,"[{""at"":""2026-09-08"",""note"":""Stops producing ice after 10 minutes"",""action"":""Claim received""},{""at"":""2026-09-12"",""note"":""Proof reviewed; replacement selected."",""action"":""Coverage accepted""}]"
,WC-2408,Owen Clarke,owen.clarke@example.com,BRE-400,Brewline espresso machine,SN-BRE-400-708,2026-03-24,2026-09-09,2026-09-12,24,Pressure drops during extraction,,Daniel Chen,New,Pending,,Undecided,,,1,"[{""at"":""2026-09-09"",""note"":""Pressure drops during extraction"",""action"":""Claim received""}]"
,WC-2409,Amara Wilson,amara.wilson@example.com,AIR-260,Airwell purifier,SN-AIR-260-709,2026-03-12,2026-09-10,2026-09-13,12,Fan motor makes a rattling sound,RCPT-1108,Priya Shah,Under review,Pending,,Undecided,,,1,"[{""at"":""2026-09-10"",""note"":""Fan motor makes a rattling sound"",""action"":""Claim received""}]"
,WC-2410,Luca Grant,luca.grant@example.com,VAC-800,Trail cordless vacuum,SN-VAC-800-710,2026-02-28,2026-09-11,2026-09-14,18,Battery no longer holds charge,RCPT-1109,Maya Brooks,Fulfillment,Accepted,Receipt and serial verified; fault falls within the sample product policy.,Repair,,,1,"[{""at"":""2026-09-11"",""note"":""Battery no longer holds charge"",""action"":""Claim received""},{""at"":""2026-09-12"",""note"":""Proof reviewed; repair selected."",""action"":""Coverage accepted""}]"
,WC-2411,Nora Kim,nora.kim@example.com,MIX-700,Forge stand mixer,SN-MIX-700-711,2026-02-16,2026-09-02,2026-09-15,36,Drive head stalls under light load,RCPT-1110,Daniel Chen,Closed,Accepted,Receipt and serial verified; fault falls within the sample product policy.,Replacement,JOB-8310,Service completed and customer handover recorded.,1,"[{""at"":""2026-09-02"",""note"":""Drive head stalls under light load"",""action"":""Claim received""},{""at"":""2026-09-12"",""note"":""Proof reviewed; replacement selected."",""action"":""Coverage accepted""},{""at"":""2026-09-13"",""note"":""Service completed and handover recorded."",""action"":""Claim closed""}]"
,WC-2412,Ethan Singh,ethan.singh@example.com,DES-100,Rise adjustable desk,SN-DES-100-712,2026-02-04,2026-09-03,2026-09-16,60,Desk motor stops mid-travel,,Priya Shah,New,Pending,,Undecided,,,1,"[{""at"":""2026-09-03"",""note"":""Desk motor stops mid-travel"",""action"":""Claim received""}]"
,WC-2413,Camille Park,camille.park@example.com,FRO-120,Frost countertop ice maker,SN-FRO-120-713,2026-01-23,2026-09-04,2026-09-11,24,Stops producing ice after 10 minutes,RCPT-1112,Maya Brooks,Under review,Pending,,Undecided,,,1,"[{""at"":""2026-09-04"",""note"":""Stops producing ice after 10 minutes"",""action"":""Claim received""}]"
,WC-2414,Theo Bennett,theo.bennett@example.com,BRE-400,Brewline espresso machine,SN-BRE-400-714,2026-01-11,2026-09-05,2026-09-12,24,Pressure drops during extraction,RCPT-1113,Daniel Chen,Fulfillment,Accepted,Receipt and serial verified; fault falls within the sample product policy.,Repair,,,1,"[{""at"":""2026-09-05"",""note"":""Pressure drops during extraction"",""action"":""Claim received""},{""at"":""2026-09-12"",""note"":""Proof reviewed; repair selected."",""action"":""Coverage accepted""}]"
,WC-2415,Aisha Hayes,aisha.hayes@example.com,AIR-260,Airwell purifier,SN-AIR-260-715,2025-12-30,2026-09-06,2026-09-13,12,Fan motor makes a rattling sound,RCPT-1114,Priya Shah,Closed,Accepted,Receipt and serial verified; fault falls within the sample product policy.,Replacement,JOB-8314,Service completed and customer handover recorded.,1,"[{""at"":""2026-09-06"",""note"":""Fan motor makes a rattling sound"",""action"":""Claim received""},{""at"":""2026-09-12"",""note"":""Proof reviewed; replacement selected."",""action"":""Coverage accepted""},{""at"":""2026-09-13"",""note"":""Service completed and handover recorded."",""action"":""Claim closed""}]"
,WC-2416,Oliver Diaz,oliver.diaz@example.com,VAC-800,Trail cordless vacuum,SN-VAC-800-716,2025-12-18,2026-09-07,2026-09-14,18,Battery no longer holds charge,,Maya Brooks,New,Pending,,Undecided,,,2,"[{""at"":""2026-09-07"",""note"":""Battery no longer holds charge"",""action"":""Claim received""},{""at"":""2026-09-14T17:13:44.612Z"",""note"":""Review updated"",""owner"":""Maya Brooks"",""action"":""New · Pending"",""remedy"":""Undecided"",""previous_stage"":""New"",""previous_reason"":"""",""previous_decision"":""Pending""}]"
