id,name,entity,owner,end,due,scope,status,tasks,exceptions,close_note,history,revision
,August 2026,Aster Services US,Dana Chen,2026-08-31,2026-09-14,Fictional operational close checklist. Manually record supporting references and review decisions; no source-ledger connection or accounting posting.,Open,"[{""id"":""t-0"",""book"":10000,""owner"":""Dana Chen"",""title"":""Cash reconciliation"",""status"":""Signed off"",""support"":10000,""evidence"":""WORKPAPER-26-0-0"",""reviewer"":""Morgan Blake"",""tolerance"":0,""reviewnote"":""Supporting workpaper checked and manual review recorded.""},{""id"":""t-1"",""book"":11250,""owner"":""Dana Chen"",""title"":""Receivables review"",""status"":""Ready"",""support"":11125,""evidence"":""WORKPAPER-26-0-1"",""reviewer"":"""",""tolerance"":0,""reviewnote"":""""},{""id"":""t-2"",""book"":12500,""owner"":""Dana Chen"",""title"":""Payables review"",""status"":""Not started"",""support"":12375,""evidence"":"""",""reviewer"":"""",""tolerance"":0,""reviewnote"":""""},{""id"":""t-3"",""book"":13750,""owner"":""Dana Chen"",""title"":""Accruals support"",""status"":""Not started"",""support"":13625,""evidence"":"""",""reviewer"":"""",""tolerance"":0,""reviewnote"":""""}]","[{""id"":""e-0"",""note"":""Investigate the difference and retain the supporting correction reference."",""task"":""t-1"",""owner"":""Dana Chen"",""title"":""Unmatched receivable balance"",""status"":""Open"",""resolution"":""""}]",,"[{""at"":""2026-09-05T09:00:00Z"",""note"":""Representative fictional operational checklist; not accounting advice or ledger data."",""event"":""Period opened""}]",1
,August 2026,Northbridge Europe,Marcus Reed,2026-08-31,2026-09-16,Fictional operational close checklist. Manually record supporting references and review decisions; no source-ledger connection or accounting posting.,Open,"[{""id"":""t-0"",""book"":10000,""owner"":""Marcus Reed"",""title"":""Cash reconciliation"",""status"":""Signed off"",""support"":10000,""evidence"":""WORKPAPER-26-1-0"",""reviewer"":""Morgan Blake"",""tolerance"":0,""reviewnote"":""Supporting workpaper checked and manual review recorded.""},{""id"":""t-1"",""book"":11250,""owner"":""Marcus Reed"",""title"":""Receivables review"",""status"":""Ready"",""support"":11125,""evidence"":""WORKPAPER-26-1-1"",""reviewer"":"""",""tolerance"":0,""reviewnote"":""""},{""id"":""t-2"",""book"":12500,""owner"":""Marcus Reed"",""title"":""Payables review"",""status"":""Not started"",""support"":12375,""evidence"":"""",""reviewer"":"""",""tolerance"":0,""reviewnote"":""""},{""id"":""t-3"",""book"":13750,""owner"":""Marcus Reed"",""title"":""Accruals support"",""status"":""Not started"",""support"":13625,""evidence"":"""",""reviewer"":"""",""tolerance"":0,""reviewnote"":""""}]","[{""id"":""e-0"",""note"":""Investigate the difference and retain the supporting correction reference."",""task"":""t-1"",""owner"":""Marcus Reed"",""title"":""Supplier statement difference"",""status"":""Open"",""resolution"":""""}]",,"[{""at"":""2026-09-05T09:00:00Z"",""note"":""Representative fictional operational checklist; not accounting advice or ledger data."",""event"":""Period opened""}]",1
,August 2026,Harbor Holdings UK,Nina Cole,2026-08-31,2026-09-18,Fictional operational close checklist. Manually record supporting references and review decisions; no source-ledger connection or accounting posting.,Open,"[{""id"":""t-0"",""book"":10000,""owner"":""Nina Cole"",""title"":""Cash reconciliation"",""status"":""Signed off"",""support"":10000,""evidence"":""WORKPAPER-26-2-0"",""reviewer"":""Morgan Blake"",""tolerance"":0,""reviewnote"":""Supporting workpaper checked and manual review recorded.""},{""id"":""t-1"",""book"":11250,""owner"":""Nina Cole"",""title"":""Receivables review"",""status"":""Ready"",""support"":11125,""evidence"":""WORKPAPER-26-2-1"",""reviewer"":"""",""tolerance"":0,""reviewnote"":""""},{""id"":""t-2"",""book"":12500,""owner"":""Nina Cole"",""title"":""Payables review"",""status"":""Not started"",""support"":12375,""evidence"":"""",""reviewer"":"""",""tolerance"":0,""reviewnote"":""""},{""id"":""t-3"",""book"":13750,""owner"":""Nina Cole"",""title"":""Accruals support"",""status"":""Not started"",""support"":13625,""evidence"":"""",""reviewer"":"""",""tolerance"":0,""reviewnote"":""""}]",[],,"[{""at"":""2026-09-05T09:00:00Z"",""note"":""Representative fictional operational checklist; not accounting advice or ledger data."",""event"":""Period opened""}]",1
,July 2026,Aster Services US,Dana Chen,2026-07-31,2026-08-10,Fictional operational close checklist. Manually record supporting references and review decisions; no source-ledger connection or accounting posting.,Closed,"[{""id"":""t-0"",""book"":10000,""owner"":""Dana Chen"",""title"":""Cash reconciliation"",""status"":""Signed off"",""support"":10000,""evidence"":""WORKPAPER-26-3-0"",""reviewer"":""Morgan Blake"",""tolerance"":0,""reviewnote"":""Supporting workpaper checked and manual review recorded.""},{""id"":""t-1"",""book"":11250,""owner"":""Dana Chen"",""title"":""Receivables review"",""status"":""Signed off"",""support"":11250,""evidence"":""WORKPAPER-26-3-1"",""reviewer"":""Morgan Blake"",""tolerance"":0,""reviewnote"":""Supporting workpaper checked and manual review recorded.""},{""id"":""t-2"",""book"":12500,""owner"":""Dana Chen"",""title"":""Payables review"",""status"":""Signed off"",""support"":12500,""evidence"":""WORKPAPER-26-3-2"",""reviewer"":""Morgan Blake"",""tolerance"":0,""reviewnote"":""Supporting workpaper checked and manual review recorded.""},{""id"":""t-3"",""book"":13750,""owner"":""Dana Chen"",""title"":""Accruals support"",""status"":""Signed off"",""support"":13750,""evidence"":""WORKPAPER-26-3-3"",""reviewer"":""Morgan Blake"",""tolerance"":0,""reviewnote"":""Supporting workpaper checked and manual review recorded.""}]",[],Period checklist completed and manual close review recorded.,"[{""at"":""2026-09-05T09:00:00Z"",""note"":""Representative fictional operational checklist; not accounting advice or ledger data."",""event"":""Period Closed""}]",1
,September 2026,Northbridge Europe,Marcus Reed,2026-09-30,2026-10-10,Fictional operational close checklist. Manually record supporting references and review decisions; no source-ledger connection or accounting posting.,Open,"[{""id"":""t-0"",""book"":10000,""owner"":""Marcus Reed"",""title"":""Cash reconciliation"",""status"":""Signed off"",""support"":10000,""evidence"":""WORKPAPER-26-4-0"",""reviewer"":""Morgan Blake"",""tolerance"":0,""reviewnote"":""Supporting workpaper checked and manual review recorded.""},{""id"":""t-1"",""book"":11250,""owner"":""Marcus Reed"",""title"":""Receivables review"",""status"":""Ready"",""support"":11125,""evidence"":""WORKPAPER-26-4-1"",""reviewer"":"""",""tolerance"":0,""reviewnote"":""""},{""id"":""t-2"",""book"":12500,""owner"":""Marcus Reed"",""title"":""Payables review"",""status"":""Not started"",""support"":12375,""evidence"":"""",""reviewer"":"""",""tolerance"":0,""reviewnote"":""""},{""id"":""t-3"",""book"":13750,""owner"":""Marcus Reed"",""title"":""Accruals support"",""status"":""Not started"",""support"":13625,""evidence"":"""",""reviewer"":"""",""tolerance"":0,""reviewnote"":""""}]",[],,"[{""at"":""2026-09-05T09:00:00Z"",""note"":""Representative fictional operational checklist; not accounting advice or ledger data."",""event"":""Period opened""}]",1
,August 2026 · Operating close,Aster Services US,Dana Chen,2026-08-31,2026-09-02,"Cash, receivables, deferred revenue and management close review",Open,"[{""id"":""us-cash"",""book"":248650,""owner"":""Dana Chen"",""title"":""Operating cash · bank tie-out"",""status"":""Signed off"",""reviews"":[{""at"":""2026-09-13T01:41:48Z"",""book"":248650,""note"":""Synthetic benchmark current-revision review."",""support"":248650,""decision"":""Approve"",""evidence"":""Synthetic workpaper us-cash / August 2026"",""reviewer"":""Morgan Lee"",""tolerance"":0,""taskRevision"":1}],""support"":248650,""evidence"":""Synthetic workpaper us-cash / August 2026"",""reviewer"":""Morgan Lee"",""dependsOn"":null,""tolerance"":0,""reviewnote"":""Agreed current workpaper to reference balance."",""preparation"":""Fictional benchmark reference amounts, not ledger transactions."",""taskRevision"":1},{""id"":""us-ar"",""book"":814200,""owner"":""Eli Grant"",""title"":""Receivables · subledger aging"",""status"":""In progress"",""reviews"":[],""support"":813700,""evidence"":""Synthetic workpaper us-ar / August 2026"",""reviewer"":"""",""dependsOn"":null,""tolerance"":100,""reviewnote"":"""",""preparation"":""Fictional benchmark reference amounts, not ledger transactions."",""taskRevision"":1},{""id"":""us-def"",""book"":328400,""owner"":""Rae Cole"",""title"":""Deferred revenue · billing bridge"",""status"":""Ready"",""reviews"":[],""support"":328400,""evidence"":""Synthetic workpaper us-def / August 2026"",""reviewer"":"""",""dependsOn"":null,""tolerance"":0,""reviewnote"":"""",""preparation"":""Fictional benchmark reference amounts, not ledger transactions."",""taskRevision"":1},{""id"":""us-close"",""book"":0,""owner"":""Dana Chen"",""title"":""Controller close memorandum"",""status"":""Not started"",""reviews"":[],""support"":0,""evidence"":"""",""reviewer"":"""",""dependsOn"":""us-ar"",""tolerance"":0,""reviewnote"":"""",""preparation"":""Fictional benchmark reference amounts, not ledger transactions."",""taskRevision"":1}]","[{""id"":""ex-us-ar"",""note"":""A 500 receipt is absent from the supporting aging export."",""task"":""us-ar"",""owner"":""Eli Grant"",""title"":""Unapplied receipt in aging export"",""status"":""Open"",""resolution"":""""}]",,"[{""at"":""2026-09-13T01:41:48Z"",""note"":""Fictional v2 benchmark. Manual records only."",""event"":""Enterprise workpapers prepared""}]",1
,August 2026 · European close,Northbridge Europe,Marcus Reed,2026-08-31,2026-09-03,"Payroll accruals, intercompany matching and VAT reference checks",Open,"[{""id"":""eu-pay"",""book"":97240,""owner"":""Marcus Reed"",""title"":""Payroll accrual · HR schedule"",""status"":""Signed off"",""reviews"":[{""at"":""2026-09-13T01:41:48Z"",""book"":97240,""note"":""Synthetic benchmark current-revision review."",""support"":97240,""decision"":""Approve"",""evidence"":""Synthetic workpaper eu-pay / August 2026"",""reviewer"":""Morgan Lee"",""tolerance"":0,""taskRevision"":1}],""support"":97240,""evidence"":""Synthetic workpaper eu-pay / August 2026"",""reviewer"":""Morgan Lee"",""dependsOn"":null,""tolerance"":0,""reviewnote"":""Agreed current workpaper to reference balance."",""preparation"":""Fictional benchmark reference amounts, not ledger transactions."",""taskRevision"":1},{""id"":""eu-ic"",""book"":412000,""owner"":""Noor Patel"",""title"":""Intercompany · counterparty balance"",""status"":""Ready"",""reviews"":[],""support"":411850,""evidence"":""Synthetic workpaper eu-ic / August 2026"",""reviewer"":"""",""dependsOn"":null,""tolerance"":200,""reviewnote"":"""",""preparation"":""Fictional benchmark reference amounts, not ledger transactions."",""taskRevision"":1},{""id"":""eu-vat"",""book"":34890,""owner"":""Noor Patel"",""title"":""VAT control · return reference"",""status"":""Ready"",""reviews"":[],""support"":34890,""evidence"":""Synthetic workpaper eu-vat / August 2026"",""reviewer"":"""",""dependsOn"":null,""tolerance"":0,""reviewnote"":"""",""preparation"":""Fictional benchmark reference amounts, not ledger transactions."",""taskRevision"":1},{""id"":""eu-review"",""book"":0,""owner"":""Marcus Reed"",""title"":""Regional controller review"",""status"":""Not started"",""reviews"":[],""support"":0,""evidence"":"""",""reviewer"":"""",""dependsOn"":""eu-ic"",""tolerance"":0,""reviewnote"":"""",""preparation"":""Fictional benchmark reference amounts, not ledger transactions."",""taskRevision"":1}]",[],,"[{""at"":""2026-09-13T01:41:48Z"",""note"":""Fictional v2 benchmark. Manual records only."",""event"":""Enterprise workpapers prepared""}]",1
,August 2026 · Holding close,Harbor Holdings UK,Nina Cole,2026-08-31,2026-09-04,"Investment rollforward, expense accruals and reporting approval",Open,"[{""id"":""uk-invest"",""book"":1250000,""owner"":""Nina Cole"",""title"":""Investments · custody statement"",""status"":""Signed off"",""reviews"":[{""at"":""2026-09-13T01:41:48Z"",""book"":1250000,""note"":""Synthetic benchmark current-revision review."",""support"":1250000,""decision"":""Approve"",""evidence"":""Synthetic workpaper uk-invest / August 2026"",""reviewer"":""Morgan Lee"",""tolerance"":0,""taskRevision"":1}],""support"":1250000,""evidence"":""Synthetic workpaper uk-invest / August 2026"",""reviewer"":""Morgan Lee"",""dependsOn"":null,""tolerance"":0,""reviewnote"":""Agreed current workpaper to reference balance."",""preparation"":""Fictional benchmark reference amounts, not ledger transactions."",""taskRevision"":1},{""id"":""uk-accr"",""book"":28600,""owner"":""Zoe Park"",""title"":""Professional fees · accrual support"",""status"":""In progress"",""reviews"":[],""support"":27100,""evidence"":""Synthetic workpaper uk-accr / August 2026"",""reviewer"":"""",""dependsOn"":null,""tolerance"":100,""reviewnote"":"""",""preparation"":""Fictional benchmark reference amounts, not ledger transactions."",""taskRevision"":1},{""id"":""uk-review"",""book"":0,""owner"":""Nina Cole"",""title"":""Holding company close review"",""status"":""Not started"",""reviews"":[],""support"":0,""evidence"":"""",""reviewer"":"""",""dependsOn"":""uk-accr"",""tolerance"":0,""reviewnote"":"""",""preparation"":""Fictional benchmark reference amounts, not ledger transactions."",""taskRevision"":1}]","[{""id"":""ex-uk"",""note"":""Obtain updated legal estimate for the 1500 difference."",""task"":""uk-accr"",""owner"":""Zoe Park"",""title"":""Legal accrual support outstanding"",""status"":""Open"",""resolution"":""""}]",,"[{""at"":""2026-09-13T01:41:48Z"",""note"":""Fictional v2 benchmark. Manual records only."",""event"":""Enterprise workpapers prepared""}]",1
,July 2026 · Archived control,Aster Services US,Dana Chen,2026-07-31,2026-08-05,Prior-month closed benchmark with preserved review evidence,Closed,"[{""id"":""j-cash"",""book"":231240,""owner"":""Dana Chen"",""title"":""July bank reconciliation"",""status"":""Signed off"",""reviews"":[{""at"":""2026-09-13T01:41:48Z"",""book"":231240,""note"":""Synthetic benchmark current-revision review."",""support"":231240,""decision"":""Approve"",""evidence"":""Synthetic workpaper j-cash / August 2026"",""reviewer"":""Morgan Lee"",""tolerance"":0,""taskRevision"":1}],""support"":231240,""evidence"":""Synthetic workpaper j-cash / August 2026"",""reviewer"":""Morgan Lee"",""dependsOn"":null,""tolerance"":0,""reviewnote"":""Agreed current workpaper to reference balance."",""preparation"":""Fictional benchmark reference amounts, not ledger transactions."",""taskRevision"":1},{""id"":""j-close"",""book"":0,""owner"":""Dana Chen"",""title"":""July controller review"",""status"":""Signed off"",""reviews"":[{""at"":""2026-09-13T01:41:48Z"",""book"":0,""note"":""Synthetic benchmark current-revision review."",""support"":0,""decision"":""Approve"",""evidence"":""Synthetic workpaper j-close / August 2026"",""reviewer"":""Morgan Lee"",""tolerance"":0,""taskRevision"":1}],""support"":0,""evidence"":""Synthetic workpaper j-close / August 2026"",""reviewer"":""Morgan Lee"",""dependsOn"":""j-cash"",""tolerance"":0,""reviewnote"":""Agreed current workpaper to reference balance."",""preparation"":""Fictional benchmark reference amounts, not ledger transactions."",""taskRevision"":1}]",[],Synthetic prior period close; no ledger postings.,"[{""at"":""2026-09-13T01:41:48Z"",""note"":""Fictional v2 benchmark. Manual records only."",""event"":""Period Closed"",""archive"":{""due"":""2026-08-05"",""end"":""2026-07-31"",""scope"":""Prior-month closed benchmark with preserved review evidence"",""tasks"":[{""id"":""j-cash"",""book"":231240,""owner"":""Dana Chen"",""title"":""July bank reconciliation"",""status"":""Signed off"",""reviews"":[{""at"":""2026-09-13T01:41:48Z"",""book"":231240,""note"":""Synthetic benchmark current-revision review."",""support"":231240,""decision"":""Approve"",""evidence"":""Synthetic workpaper j-cash / August 2026"",""reviewer"":""Morgan Lee"",""tolerance"":0,""taskRevision"":1}],""support"":231240,""evidence"":""Synthetic workpaper j-cash / August 2026"",""reviewer"":""Morgan Lee"",""dependsOn"":null,""tolerance"":0,""reviewnote"":""Agreed current workpaper to reference balance."",""preparation"":""Fictional benchmark reference amounts, not ledger transactions."",""taskRevision"":1},{""id"":""j-close"",""book"":0,""owner"":""Dana Chen"",""title"":""July controller review"",""status"":""Signed off"",""reviews"":[{""at"":""2026-09-13T01:41:48Z"",""book"":0,""note"":""Synthetic benchmark current-revision review."",""support"":0,""decision"":""Approve"",""evidence"":""Synthetic workpaper j-close / August 2026"",""reviewer"":""Morgan Lee"",""tolerance"":0,""taskRevision"":1}],""support"":0,""evidence"":""Synthetic workpaper j-close / August 2026"",""reviewer"":""Morgan Lee"",""dependsOn"":""j-cash"",""tolerance"":0,""reviewnote"":""Agreed current workpaper to reference balance."",""preparation"":""Fictional benchmark reference amounts, not ledger transactions."",""taskRevision"":1}],""exceptions"":[]}}]",1
