id,reference,title,supplier_code,part,owner,due_date,severity,quantity,status,containment,root_cause,actions,checks,history,revision,quality
,SCAR-1082,Bore diameter outside drawing tolerance,NORTH,BR-204 · lot N2409,Casey Reed,2026-09-16,High,240,Correcting,Lot quarantined. Incoming inventory screened and conforming units separated.,Fixture wear was not included in the preventive replacement interval.,"[{""id"":""a1"",""due"":""2026-09-14"",""done"":true,""note"":""Corrective action implemented and evidence reviewed."",""owner"":""Morgan Lee"",""title"":""Replace worn fixture and verify setup""},{""id"":""a2"",""due"":""2026-09-15"",""done"":false,""note"":"""",""owner"":""Casey Reed"",""title"":""Add fixture wear check to setup sheet""}]",[],"[{""at"":""2026-09-12T10:00:00Z"",""note"":""Root cause agreed with supplier; actions assigned."",""event"":""Correcting""}]",1,
,SCAR-1083,Shipping labels missing batch identifiers,VISTA,PK-110 · lot V0911,Taylor Park,2026-09-17,Medium,80,Open,,,[],[],"[{""at"":""2026-09-12T14:00:00Z"",""note"":""Incoming receiving inspection raised the issue."",""event"":""Open""}]",1,
,SCAR-1079,Connector retention below specification,EAST,CN-820 · lot E0908,Ari Bell,2026-09-14,High,120,Effectiveness,Affected lot held. Replacement stock screened for retention force.,Assembly press setting changed without the updated setup check.,"[{""id"":""a3"",""due"":""2026-09-11"",""done"":true,""note"":""Corrective action implemented and evidence reviewed."",""owner"":""Alex Chen"",""title"":""Restore press setting and lock recipe""},{""id"":""a4"",""due"":""2026-09-12"",""done"":true,""note"":""Corrective action implemented and evidence reviewed."",""owner"":""Ari Bell"",""title"":""Train line leads on setup verification""}]",[],"[{""at"":""2026-09-12T16:00:00Z"",""note"":""Actions complete; awaiting incoming sample verification."",""event"":""Effectiveness""}]",1,
,SCAR-1201,Seal groove depth exceeds drawing limit,NORTH,Housing H-420 / lot NP-0912,Morgan Lee,2026-09-12,Critical,160,Correcting,All 160 housings quarantined; depth-gauge readings attached to lot traveller.,Offset compensation was copied from the previous tool after an insert change.,"[{""id"":""1201-c"",""due"":""2026-09-16"",""done"":false,""kind"":""Corrective"",""note"":"""",""owner"":""Morgan Lee"",""title"":""Correct the groove tool offset and prove first-piece depth"",""dependsOn"":null,""expectedResult"":""Five consecutive housings measure 0.80–0.85mm groove depth""},{""id"":""1201-p"",""due"":""2026-09-17"",""done"":false,""kind"":""Preventive"",""note"":"""",""owner"":""Casey Reed"",""title"":""Add groove-depth check to tool-change first-piece control plan"",""dependsOn"":""1201-c"",""expectedResult"":""Control plan revision includes signed depth check before release""}]",[],"[{""at"":""2026-09-13T01:31:51Z"",""note"":""Fictional supplier quality benchmark case."",""event"":""Correcting""}]",1,"{""minSample"":30,""responseAt"":""2026-09-13T01:31:51Z"",""escapeCause"":""First-piece inspection omitted the seal-groove depth characteristic."",""responseDue"":""2026-09-12"",""containedQty"":160,""planRevision"":1,""responseNote"":""Supplier acknowledged the affected lot and assigned the response owner."",""causeEvidence"":""Tool-change log and CMM report show the depth shift begins at insert replacement."",""responseOwner"":""Morgan Lee"",""verificationDue"":""2026-09-20"",""verificationLot"":""NP-0920"",""containmentOwner"":""Morgan Lee"",""verificationMethod"":""Measure groove depth with calibrated depth gauge on 30 consecutive housings; zero outside 0.80–0.85mm.""}"
,SCAR-1202,Carton barcode fails receiving scan,VISTA,Carton CT-55 / lot VP-0910,Jamie Rowe,2026-09-12,High,420,Open,,,[],[],"[{""at"":""2026-09-13T01:31:51Z"",""note"":""Fictional supplier quality benchmark case."",""event"":""Open""}]",1,"{""minSample"":30,""responseAt"":null,""escapeCause"":"""",""responseDue"":""2026-09-12"",""containedQty"":0,""planRevision"":1,""responseNote"":"""",""causeEvidence"":"""",""responseOwner"":"""",""verificationDue"":""2026-09-20"",""verificationLot"":""VP-0921"",""containmentOwner"":"""",""verificationMethod"":""Scan 30 cartons from the follow-up lot using the receiving scanner; zero unreadable labels.""}"
,SCAR-1203,Crimp pull force below acceptance limit,EAST,Harness EH-72 / lot EE-0909,Alex Chen,2026-09-14,High,90,Effectiveness,All 90 harnesses held; suspect terminal reel segregated.,Crimp applicator shut height drifted after a jam-clearing adjustment.,"[{""id"":""1203-c"",""due"":""2026-09-16"",""done"":true,""kind"":""Corrective"",""note"":""Ten setup samples exceed 60 N without strand damage — verified on process setup record."",""owner"":""Alex Chen"",""title"":""Set applicator height and validate crimp pull force"",""dependsOn"":null,""expectedResult"":""Ten setup samples exceed 60 N without strand damage""},{""id"":""1203-p"",""due"":""2026-09-17"",""done"":true,""kind"":""Preventive"",""note"":""Every shift names a test owner and records results at hourly intervals — signed control-plan revision retained."",""owner"":""Ari Bell"",""title"":""Add electronic shift handover sign-off for hourly pull tests"",""dependsOn"":""1203-c"",""expectedResult"":""Every shift names a test owner and records results at hourly intervals""}]",[],"[{""at"":""2026-09-13T01:31:51Z"",""note"":""Fictional supplier quality benchmark case."",""event"":""Effectiveness""}]",1,"{""minSample"":30,""responseAt"":""2026-09-13T01:31:51Z"",""escapeCause"":""The hourly sample pull test was missed on the night shift."",""responseDue"":""2026-09-14"",""containedQty"":90,""planRevision"":1,""responseNote"":""Supplier acknowledged the affected lot and assigned the response owner."",""causeEvidence"":""Pull-test trace and applicator setup sheet confirm adjustment timing."",""responseOwner"":""Alex Chen"",""verificationDue"":""2026-09-20"",""verificationLot"":""EE-0920"",""containmentOwner"":""Alex Chen"",""verificationMethod"":""Pull-test 30 harness terminals from EE-0920; zero samples below 60 N.""}"
,SCAR-1204,Coating chips at bracket mounting edge,NORTH,Bracket BR-19 / lot NP-0911,Casey Reed,2026-09-15,Medium,75,Contained,75 brackets sorted; bare-edge pieces segregated and conforming inventory marked.,Edge burrs remained before powder-coat pretreatment.,"[{""id"":""1204-c"",""due"":""2026-09-16"",""done"":false,""kind"":""Corrective"",""note"":"""",""owner"":""Morgan Lee"",""title"":""Deburr mounting edges before recoating affected brackets"",""dependsOn"":null,""expectedResult"":""All mounting edges pass the agreed smooth-edge check before coating""},{""id"":""1204-p"",""due"":""2026-09-17"",""done"":false,""kind"":""Preventive"",""note"":"""",""owner"":""Casey Reed"",""title"":""Update inspection lighting and rotation sequence for all edges"",""dependsOn"":""1204-c"",""expectedResult"":""Inspector checklist requires full part rotation with mounting-edge check""}]",[],"[{""at"":""2026-09-13T01:31:51Z"",""note"":""Fictional supplier quality benchmark case."",""event"":""Contained""}]",1,"{""minSample"":30,""responseAt"":""2026-09-13T01:31:51Z"",""escapeCause"":""Visual inspection used only the front face and missed mounting edges."",""responseDue"":""2026-09-15"",""containedQty"":75,""planRevision"":1,""responseNote"":""Supplier acknowledged the affected lot and assigned the response owner."",""causeEvidence"":""Microscope images show burr lift under the coating at each chipped edge."",""responseOwner"":""Casey Reed"",""verificationDue"":""2026-09-20"",""verificationLot"":""NP-0922"",""containmentOwner"":""Casey Reed"",""verificationMethod"":""Inspect 30 recoated brackets under specified lighting; zero edge chips after handling test.""}"
,SCAR-1205,Protective foam cutouts shifted in tray,VISTA,Insert FI-18 / lot VP-0913,Taylor Park,2026-09-16,Medium,250,Correcting,250 inserts blocked from dispatch; fit-checked replacements supplied to packing.,Die-location stop loosened and permitted lateral drift.,"[{""id"":""1205-c"",""due"":""2026-09-16"",""done"":false,""kind"":""Corrective"",""note"":"""",""owner"":""Jamie Rowe"",""title"":""Secure die stop and cut a dimensionally verified first-off set"",""dependsOn"":null,""expectedResult"":""First-off inserts locate the product without edge compression""},{""id"":""1205-p"",""due"":""2026-09-17"",""done"":false,""kind"":""Preventive"",""note"":"""",""owner"":""Taylor Park"",""title"":""Add product-gauge fit verification after die maintenance"",""dependsOn"":""1205-c"",""expectedResult"":""Maintenance release includes a retained gauge-fit record""}]",[],"[{""at"":""2026-09-13T01:31:51Z"",""note"":""Fictional supplier quality benchmark case."",""event"":""Correcting""}]",1,"{""minSample"":30,""responseAt"":""2026-09-13T01:31:51Z"",""escapeCause"":""Fit check used an empty tray rather than the actual product gauge."",""responseDue"":""2026-09-16"",""containedQty"":250,""planRevision"":1,""responseNote"":""Supplier acknowledged the affected lot and assigned the response owner."",""causeEvidence"":""Cutout measurement map shows a consistent 3 mm offset after maintenance."",""responseOwner"":""Taylor Park"",""verificationDue"":""2026-09-20"",""verificationLot"":""VP-0923"",""containmentOwner"":""Taylor Park"",""verificationMethod"":""Fit-check 30 inserts using the product gauge; zero interference or unsupported edges.""}"
,SCAR-1206,Connector latch fracture during assembly,EAST,Connector CX-14 / lot EE-0912,Ari Bell,2026-09-14,Critical,110,Effectiveness,110 connectors isolated; mould-cavity marks traced and suspect cavity disabled.,Excessive mould cooling time variation created a brittle latch section.,"[{""id"":""1206-c"",""due"":""2026-09-16"",""done"":true,""kind"":""Corrective"",""note"":""Ten setup connectors survive the specified latch flex cycle — verified on process setup record."",""owner"":""Alex Chen"",""title"":""Stabilize mould cooling cycle and validate latch flexibility"",""dependsOn"":null,""expectedResult"":""Ten setup connectors survive the specified latch flex cycle""},{""id"":""1206-p"",""due"":""2026-09-17"",""done"":true,""kind"":""Preventive"",""note"":""Each cavity is represented in the documented functional sample — signed control-plan revision retained."",""owner"":""Ari Bell"",""title"":""Add cavity-specific latch flex test to incoming control plan"",""dependsOn"":""1206-c"",""expectedResult"":""Each cavity is represented in the documented functional sample""}]",[],"[{""at"":""2026-09-13T01:31:51Z"",""note"":""Fictional supplier quality benchmark case."",""event"":""Effectiveness""}]",1,"{""minSample"":30,""responseAt"":""2026-09-13T01:31:51Z"",""escapeCause"":""Incoming dimensional checks did not exercise the latch flex function."",""responseDue"":""2026-09-14"",""containedQty"":110,""planRevision"":1,""responseNote"":""Supplier acknowledged the affected lot and assigned the response owner."",""causeEvidence"":""Cavity-linked fracture tests and cooling-temperature logs establish the variation."",""responseOwner"":""Ari Bell"",""verificationDue"":""2026-09-20"",""verificationLot"":""EE-0924"",""containmentOwner"":""Ari Bell"",""verificationMethod"":""Flex-test 30 connectors distributed across active cavities; zero latch fractures.""}"
