id,reference,name,email,application,access_role,expires,summary,status,provisioning,revocation,reviews,history,revision,governance
,AR-410,Sofia Chen,sofia.chen@example.com,Revenue workspace,Account editor,2026-10-01,Time-limited access for the assigned project. Review the requested role and remove access when the engagement ends.,In review,,,"[{""id"":""manager"",""note"":""Business need reviewed for the current assignment."",""stage"":""Manager review"",""assigned"":""Alex Morgan"",""decision"":""Approved"",""reviewer"":""Alex Morgan""},{""id"":""owner"",""note"":"""",""stage"":""Application owner"",""assigned"":""Morgan Ellis"",""decision"":""Pending"",""reviewer"":""""}]","[{""at"":""2026-09-10T09:00:00Z"",""note"":""Fictional request with assigned manager and application-owner reviews."",""event"":""Request created""},{""at"":""2026-09-12T10:30:00Z"",""note"":""Illustrative review and access lifecycle record."",""event"":""Current state: In review""}]",1,
,AR-411,Liam Parker,liam.parker@example.com,Analytics studio,Report builder,2026-10-15,Time-limited access for the assigned project. Review the requested role and remove access when the engagement ends.,In review,,,"[{""id"":""manager"",""note"":"""",""stage"":""Manager review"",""assigned"":""Alex Morgan"",""decision"":""Pending"",""reviewer"":""""},{""id"":""owner"",""note"":"""",""stage"":""Application owner"",""assigned"":""Priya Shah"",""decision"":""Pending"",""reviewer"":""""}]","[{""at"":""2026-09-10T09:00:00Z"",""note"":""Fictional request with assigned manager and application-owner reviews."",""event"":""Request created""},{""at"":""2026-09-12T10:30:00Z"",""note"":""Illustrative review and access lifecycle record."",""event"":""Current state: In review""}]",1,
,AR-412,Amara Okafor,amara.okafor@example.com,People operations,Onboarding coordinator,2026-11-01,Time-limited access for the assigned project. Review the requested role and remove access when the engagement ends.,Approved,,,"[{""id"":""manager"",""note"":""Business need reviewed for the current assignment."",""stage"":""Manager review"",""assigned"":""Alex Morgan"",""decision"":""Approved"",""reviewer"":""Alex Morgan""},{""id"":""owner"",""note"":""Requested role and time limit checked."",""stage"":""Application owner"",""assigned"":""Dana Lee"",""decision"":""Approved"",""reviewer"":""Dana Lee""}]","[{""at"":""2026-09-10T09:00:00Z"",""note"":""Fictional request with assigned manager and application-owner reviews."",""event"":""Request created""},{""at"":""2026-09-12T10:30:00Z"",""note"":""Illustrative review and access lifecycle record."",""event"":""Current state: Approved""}]",1,
,AR-407,Isabel Torres,isabel.torres@example.com,Revenue workspace,Read-only analyst,2026-09-16,Time-limited access for the assigned project. Review the requested role and remove access when the engagement ends.,Active,Jamie Reed: service ticket IAM-2041 records the manual grant.,,"[{""id"":""manager"",""note"":""Business need reviewed for the current assignment."",""stage"":""Manager review"",""assigned"":""Alex Morgan"",""decision"":""Approved"",""reviewer"":""Alex Morgan""},{""id"":""owner"",""note"":""Requested role and time limit checked."",""stage"":""Application owner"",""assigned"":""Morgan Ellis"",""decision"":""Approved"",""reviewer"":""Morgan Ellis""}]","[{""at"":""2026-09-10T09:00:00Z"",""note"":""Fictional request with assigned manager and application-owner reviews."",""event"":""Request created""},{""at"":""2026-09-12T10:30:00Z"",""note"":""Illustrative review and access lifecycle record."",""event"":""Current state: Active""}]",1,
,AR-408,Noah Bennett,noah.bennett@example.com,Analytics studio,Report viewer,2026-09-23,Time-limited access for the assigned project. Review the requested role and remove access when the engagement ends.,Active,Jamie Reed: service ticket IAM-2041 records the manual grant.,,"[{""id"":""manager"",""note"":""Business need reviewed for the current assignment."",""stage"":""Manager review"",""assigned"":""Alex Morgan"",""decision"":""Approved"",""reviewer"":""Alex Morgan""},{""id"":""owner"",""note"":""Requested role and time limit checked."",""stage"":""Application owner"",""assigned"":""Priya Shah"",""decision"":""Approved"",""reviewer"":""Priya Shah""}]","[{""at"":""2026-09-10T09:00:00Z"",""note"":""Fictional request with assigned manager and application-owner reviews."",""event"":""Request created""},{""at"":""2026-09-12T10:30:00Z"",""note"":""Illustrative review and access lifecycle record."",""event"":""Current state: Active""}]",1,
,AR-402,Owen Brooks,owen.brooks@example.com,People operations,Temporary reviewer,2026-09-10,Time-limited access for the assigned project. Review the requested role and remove access when the engagement ends.,Revoked,Jamie Reed: service ticket IAM-2041 records the manual grant.,Jamie Reed: IAM-2012 confirms access removal.,"[{""id"":""manager"",""note"":""Business need reviewed for the current assignment."",""stage"":""Manager review"",""assigned"":""Alex Morgan"",""decision"":""Approved"",""reviewer"":""Alex Morgan""},{""id"":""owner"",""note"":""Requested role and time limit checked."",""stage"":""Application owner"",""assigned"":""Dana Lee"",""decision"":""Approved"",""reviewer"":""Dana Lee""}]","[{""at"":""2026-09-10T09:00:00Z"",""note"":""Fictional request with assigned manager and application-owner reviews."",""event"":""Request created""},{""at"":""2026-09-12T10:30:00Z"",""note"":""Illustrative review and access lifecycle record."",""event"":""Current state: Revoked""}]",1,
,AR-409,Maya Foster,maya.foster@example.com,Revenue workspace,Data export,2026-10-10,Time-limited access for the assigned project. Review the requested role and remove access when the engagement ends.,Rejected,,,"[{""id"":""manager"",""note"":""Business need reviewed for the current assignment."",""stage"":""Manager review"",""assigned"":""Alex Morgan"",""decision"":""Approved"",""reviewer"":""Alex Morgan""},{""id"":""owner"",""note"":""Requested export scope exceeds this assignment."",""stage"":""Application owner"",""assigned"":""Morgan Ellis"",""decision"":""Rejected"",""reviewer"":""Morgan Ellis""}]","[{""at"":""2026-09-10T09:00:00Z"",""note"":""Fictional request with assigned manager and application-owner reviews."",""event"":""Request created""},{""at"":""2026-09-12T10:30:00Z"",""note"":""Illustrative review and access lifecycle record."",""event"":""Current state: Rejected""}]",1,
,AR-501,Nora Bennett,nora.bennett@example.com,Cloud platform,Production observer,2026-09-25,Validate production logs during the payments reliability review. Read-only observability scope; no resource changes.,In review,,,"[{""id"":""manager"",""note"":""Reviewed the project assignment, requested role and time limit."",""stage"":""Manager review"",""assigned"":""Jordan Lee"",""decision"":""Approved"",""reviewer"":""Jordan Lee"",""requestRevision"":1},{""id"":""owner"",""note"":"""",""stage"":""Application owner"",""assigned"":""Rina Shah"",""decision"":""Pending"",""reviewer"":"""",""requestRevision"":1},{""id"":""security"",""note"":"""",""stage"":""Security review"",""assigned"":""Omar Ellis"",""decision"":""Pending"",""reviewer"":"""",""requestRevision"":1}]","[{""at"":""2026-09-13T08:00:00Z"",""note"":""Validate production logs during the payments reliability review. Read-only observability scope; no resource changes."",""event"":""Request received""}]",1,"{""startDate"":""2026-09-13"",""privileged"":false,""certifications"":[],""nextReviewDate"":""2026-09-22"",""requestRevision"":1}"
,AR-502,Theo Martin,theo.martin@example.com,Deployment console,Release operator,2026-09-27,Run the approved checkout-service release and retain deployment evidence during the migration window.,Approved,,,"[{""id"":""manager"",""note"":""Reviewed the project assignment, requested role and time limit."",""stage"":""Manager review"",""assigned"":""Jordan Lee"",""decision"":""Approved"",""reviewer"":""Jordan Lee"",""requestRevision"":1},{""id"":""owner"",""note"":""Reviewed the project assignment, requested role and time limit."",""stage"":""Application owner"",""assigned"":""Evan Brooks"",""decision"":""Approved"",""reviewer"":""Evan Brooks"",""requestRevision"":1},{""id"":""security"",""note"":""Reviewed the project assignment, requested role and time limit."",""stage"":""Security review"",""assigned"":""Omar Ellis"",""decision"":""Approved"",""reviewer"":""Omar Ellis"",""requestRevision"":1}]","[{""at"":""2026-09-13T08:00:00Z"",""note"":""Run the approved checkout-service release and retain deployment evidence during the migration window."",""event"":""Request received""}]",1,"{""startDate"":""2026-09-13"",""privileged"":true,""certifications"":[],""nextReviewDate"":""2026-09-22"",""requestRevision"":1}"
,AR-503,Leila Ahmed,leila.ahmed@example.com,Cloud platform,Platform administrator,2026-09-16,Temporary administration for the production cluster upgrade. Confirm continued need before project handover.,Active,IAM-512: Platform administrator assigned in Cloud platform; scope and end date confirmed.,,"[{""id"":""manager"",""note"":""Reviewed the project assignment, requested role and time limit."",""stage"":""Manager review"",""assigned"":""Jordan Lee"",""decision"":""Approved"",""reviewer"":""Jordan Lee"",""requestRevision"":1},{""id"":""owner"",""note"":""Reviewed the project assignment, requested role and time limit."",""stage"":""Application owner"",""assigned"":""Rina Shah"",""decision"":""Approved"",""reviewer"":""Rina Shah"",""requestRevision"":1},{""id"":""security"",""note"":""Reviewed the project assignment, requested role and time limit."",""stage"":""Security review"",""assigned"":""Omar Ellis"",""decision"":""Approved"",""reviewer"":""Omar Ellis"",""requestRevision"":1}]","[{""at"":""2026-09-13T08:00:00Z"",""note"":""Temporary administration for the production cluster upgrade. Confirm continued need before project handover."",""event"":""Request received""}]",1,"{""startDate"":""2026-09-13"",""privileged"":true,""certifications"":[],""nextReviewDate"":""2026-09-13"",""requestRevision"":1}"
,AR-504,Oscar Ruiz,oscar.ruiz@example.com,Deployment console,Release operator,2026-09-14,Release support engagement is complete. Operator must remove the temporary deployment role.,Revocation due,IAM-513: Release operator assigned in Deployment console; scope and end date confirmed.,,"[{""id"":""manager"",""note"":""Reviewed the project assignment, requested role and time limit."",""stage"":""Manager review"",""assigned"":""Jordan Lee"",""decision"":""Approved"",""reviewer"":""Jordan Lee"",""requestRevision"":1},{""id"":""owner"",""note"":""Reviewed the project assignment, requested role and time limit."",""stage"":""Application owner"",""assigned"":""Evan Brooks"",""decision"":""Approved"",""reviewer"":""Evan Brooks"",""requestRevision"":1}]","[{""at"":""2026-09-13T08:00:00Z"",""note"":""Release support engagement is complete. Operator must remove the temporary deployment role."",""event"":""Request received""}]",1,"{""startDate"":""2026-09-13"",""privileged"":false,""certifications"":[{""at"":""2026-09-13T09:00:00Z"",""note"":""Release engagement ended; no ongoing operational need."",""outcome"":""Revocation required"",""reviewer"":""Jordan Lee"",""nextReviewDate"":""2026-09-14""}],""nextReviewDate"":""2026-09-22"",""requestRevision"":1}"
,AR-505,Mina Park,mina.park@example.com,Deployment console,Release observer,2026-09-28,Observe rollout status and collect release evidence for customer readiness reporting.,In review,,,"[{""id"":""manager"",""note"":""Reviewed the project assignment, requested role and time limit."",""stage"":""Manager review"",""assigned"":""Jordan Lee"",""decision"":""Approved"",""reviewer"":""Jordan Lee"",""requestRevision"":1},{""id"":""owner"",""note"":"""",""stage"":""Application owner"",""assigned"":""Evan Brooks"",""decision"":""Pending"",""reviewer"":"""",""requestRevision"":1}]","[{""at"":""2026-09-13T08:00:00Z"",""note"":""Observe rollout status and collect release evidence for customer readiness reporting."",""event"":""Request received""}]",1,"{""startDate"":""2026-09-13"",""privileged"":false,""certifications"":[],""nextReviewDate"":""2026-09-22"",""requestRevision"":1}"
,AR-506,Avery Wilson,avery.wilson@example.com,Cloud platform,Production observer,2026-10-01,"Read-only incident trend analysis for the SRE service review; no shell, IAM or deployment permissions.",Active,IAM-515: Production observer assigned in Cloud platform; scope and end date confirmed.,,"[{""id"":""manager"",""note"":""Reviewed the project assignment, requested role and time limit."",""stage"":""Manager review"",""assigned"":""Jordan Lee"",""decision"":""Approved"",""reviewer"":""Jordan Lee"",""requestRevision"":1},{""id"":""owner"",""note"":""Reviewed the project assignment, requested role and time limit."",""stage"":""Application owner"",""assigned"":""Rina Shah"",""decision"":""Approved"",""reviewer"":""Rina Shah"",""requestRevision"":1},{""id"":""security"",""note"":""Reviewed the project assignment, requested role and time limit."",""stage"":""Security review"",""assigned"":""Omar Ellis"",""decision"":""Approved"",""reviewer"":""Omar Ellis"",""requestRevision"":1}]","[{""at"":""2026-09-13T08:00:00Z"",""note"":""Read-only incident trend analysis for the SRE service review; no shell, IAM or deployment permissions."",""event"":""Request received""}]",1,"{""startDate"":""2026-09-13"",""privileged"":false,""certifications"":[],""nextReviewDate"":""2026-09-22"",""requestRevision"":1}"
