id,email,created_at
,karan@tooljet.com,2026-09-14T18:44:25.389683+00:00
,ops@northwind-traders.example,2026-08-04T09:12:00+00:00
,platform@lumenlabs.example,2026-08-06T14:40:00+00:00
,it-support@harborhealth.example,2026-08-08T08:05:00+00:00
,devops@ridgeline.example,2026-08-11T11:25:00+00:00
,sre@bluepeak.example,2026-08-13T16:50:00+00:00
,admin@cobalt-retail.example,2026-08-15T07:30:00+00:00
,eng@tidewater-logistics.example,2026-08-18T13:10:00+00:00
,noc@ironbridge.example,2026-08-20T10:45:00+00:00
,alerts@fernwood.example,2026-08-21T15:20:00+00:00
,techops@selbygroup.example,2026-08-24T09:00:00+00:00
,cloudteam@vantagefin.example,2026-08-26T12:35:00+00:00
,support@quartzmedia.example,2026-08-28T08:55:00+00:00
,infra@pinewood-edu.example,2026-08-31T14:05:00+00:00
,ops@marlowe-hospitality.example,2026-09-02T09:40:00+00:00
,sysadmin@kestrelair.example,2026-09-03T17:15:00+00:00
,helpdesk@brightwell.example,2026-09-05T11:05:00+00:00
,dev@rookerysoftware.example,2026-09-07T13:50:00+00:00
,monitoring@auxoenergy.example,2026-09-09T10:20:00+00:00
,itservices@caldergov.example,2026-09-10T15:35:00+00:00
,engineering@stonebridge.example,2026-09-11T09:15:00+00:00
,ops@highfieldfoods.example,2026-09-14T12:00:00+00:00
,api-team@novaledger.example,2026-09-15T16:20:00+00:00
,status@veritycare.example,2026-09-16T09:35:00+00:00
,sre@atlasfreight.example,2026-09-17T08:10:00+00:00
