id,reference,title,context,master_code,master_name,policy_value,policy_note,owner,event_on,due_on,created_on,description,stage,revision,history,evidence_ref,verifier,review_note,outcome
,CO26-2101,Quarterly service report,Reporting,MSA-101,Northstar managed services,14,Counterparty: Northstar Systems. Quarterly service report and annual assurance evidence.,Maya Brooks,2026-09-24,2026-09-24,2026-08-31,Provide the agreed report with supporting evidence and obtain a recorded internal review.,Upcoming,1,"[{""at"":""2026-08-31"",""note"":""Provide the agreed report with supporting evidence and obtain a recorded internal review."",""action"":""Record created""}]",,,,
,CO26-2102,Product conformity certificate,Certification,SUP-204,Harbor supply agreement,10,Counterparty: Harbor Supply. Delivery quality reports and product certification.,Daniel Chen,2026-09-26,2026-09-26,2026-09-01,Collect the required certification and confirm it covers the contracted product scope.,In progress,1,"[{""at"":""2026-09-01"",""note"":""Collect the required certification and confirm it covers the contracted product scope."",""action"":""Record created""},{""at"":""2026-09-12"",""note"":""Collect the required certification and confirm it covers the contracted product scope."",""action"":""In progress""}]",,,,
,CO26-2103,Annual control assurance,Assurance,DPA-310,Atlas data processing,30,Counterparty: Atlas Analytics. Annual controls assurance and subprocessor notice.,Priya Shah,2026-09-28,2026-09-28,2026-09-02,Review the submitted assurance package and document the acceptance rationale.,Evidence review,1,"[{""at"":""2026-09-02"",""note"":""Review the submitted assurance package and document the acceptance rationale."",""action"":""Record created""},{""at"":""2026-09-12"",""note"":""Review the submitted assurance package and document the acceptance rationale."",""action"":""Evidence review""}]",DOC-3102,,,
,CO26-2104,Site inspection evidence,Inspection,FAC-415,Summit facilities services,14,Counterparty: Summit Facilities. Inspection records and insurance evidence.,Maya Brooks,2026-09-30,2026-09-30,2026-09-03,Retain the completed inspection record with clear references to the contract requirement.,Complete,1,"[{""at"":""2026-09-03"",""note"":""Retain the completed inspection record with clear references to the contract requirement."",""action"":""Record created""},{""at"":""2026-09-12"",""note"":""The review outcome is recorded with the accountable owner."",""action"":""Complete""}]",DOC-3103,Jordan Lee,Deliverable and supporting evidence reviewed against the recorded contract requirement.,The review outcome is recorded with the accountable owner.
,CO26-2105,Milestone acceptance pack,Delivery,SOW-509,Meridian implementation,7,Counterparty: Meridian Consulting. Accepted milestones and knowledge transfer.,Daniel Chen,2026-10-02,2026-10-02,2026-09-04,Confirm the deliverable is complete and record the verifier and evidence reference.,Waived,1,"[{""at"":""2026-09-04"",""note"":""Confirm the deliverable is complete and record the verifier and evidence reference."",""action"":""Record created""},{""at"":""2026-09-12"",""note"":""The review outcome is recorded with the accountable owner."",""action"":""Waived""}]",,,Deliverable and supporting evidence reviewed against the recorded contract requirement.,The review outcome is recorded with the accountable owner.
,CO26-2106,Service credit reconciliation,Reporting,MSA-101,Northstar managed services,14,Counterparty: Northstar Systems. Quarterly service report and annual assurance evidence.,Priya Shah,2026-10-04,2026-10-04,2026-09-05,Provide the agreed report with supporting evidence and obtain a recorded internal review.,Upcoming,1,"[{""at"":""2026-09-05"",""note"":""Provide the agreed report with supporting evidence and obtain a recorded internal review."",""action"":""Record created""}]",,,,
,CO26-2107,Supplier performance review,Certification,SUP-204,Harbor supply agreement,10,Counterparty: Harbor Supply. Delivery quality reports and product certification.,Maya Brooks,2026-10-06,2026-10-06,2026-09-06,Collect the required certification and confirm it covers the contracted product scope.,In progress,1,"[{""at"":""2026-09-06"",""note"":""Collect the required certification and confirm it covers the contracted product scope."",""action"":""Record created""},{""at"":""2026-09-12"",""note"":""Collect the required certification and confirm it covers the contracted product scope."",""action"":""In progress""}]",,,,
,CO26-2108,Subprocessor register review,Assurance,DPA-310,Atlas data processing,30,Counterparty: Atlas Analytics. Annual controls assurance and subprocessor notice.,Daniel Chen,2026-10-08,2026-10-08,2026-09-07,Review the submitted assurance package and document the acceptance rationale.,Evidence review,1,"[{""at"":""2026-09-07"",""note"":""Review the submitted assurance package and document the acceptance rationale."",""action"":""Record created""},{""at"":""2026-09-12"",""note"":""Review the submitted assurance package and document the acceptance rationale."",""action"":""Evidence review""}]",DOC-3107,,,
,CO26-2109,Insurance renewal evidence,Inspection,FAC-415,Summit facilities services,14,Counterparty: Summit Facilities. Inspection records and insurance evidence.,Priya Shah,2026-10-10,2026-10-10,2026-09-08,Retain the completed inspection record with clear references to the contract requirement.,Complete,1,"[{""at"":""2026-09-08"",""note"":""Retain the completed inspection record with clear references to the contract requirement."",""action"":""Record created""},{""at"":""2026-09-12"",""note"":""The review outcome is recorded with the accountable owner."",""action"":""Complete""}]",DOC-3108,Jordan Lee,Deliverable and supporting evidence reviewed against the recorded contract requirement.,The review outcome is recorded with the accountable owner.
,CO26-2110,Knowledge transfer records,Delivery,SOW-509,Meridian implementation,7,Counterparty: Meridian Consulting. Accepted milestones and knowledge transfer.,Maya Brooks,2026-10-12,2026-10-12,2026-08-31,Confirm the deliverable is complete and record the verifier and evidence reference.,Waived,1,"[{""at"":""2026-08-31"",""note"":""Confirm the deliverable is complete and record the verifier and evidence reference."",""action"":""Record created""},{""at"":""2026-09-12"",""note"":""The review outcome is recorded with the accountable owner."",""action"":""Waived""}]",,,Deliverable and supporting evidence reviewed against the recorded contract requirement.,The review outcome is recorded with the accountable owner.
,CO26-2111,Monthly availability report,Reporting,MSA-101,Northstar managed services,14,Counterparty: Northstar Systems. Quarterly service report and annual assurance evidence.,Daniel Chen,2026-10-14,2026-10-14,2026-09-01,Provide the agreed report with supporting evidence and obtain a recorded internal review.,Upcoming,1,"[{""at"":""2026-09-01"",""note"":""Provide the agreed report with supporting evidence and obtain a recorded internal review."",""action"":""Record created""}]",,,,
,CO26-2112,Packaging specification review,Certification,SUP-204,Harbor supply agreement,10,Counterparty: Harbor Supply. Delivery quality reports and product certification.,Priya Shah,2026-10-16,2026-10-16,2026-09-02,Collect the required certification and confirm it covers the contracted product scope.,In progress,1,"[{""at"":""2026-09-02"",""note"":""Collect the required certification and confirm it covers the contracted product scope."",""action"":""Record created""},{""at"":""2026-09-12"",""note"":""Collect the required certification and confirm it covers the contracted product scope."",""action"":""In progress""}]",,,,
,CO26-2113,Data retention attestation,Assurance,DPA-310,Atlas data processing,30,Counterparty: Atlas Analytics. Annual controls assurance and subprocessor notice.,Maya Brooks,2026-10-18,2026-10-18,2026-09-03,Review the submitted assurance package and document the acceptance rationale.,Evidence review,1,"[{""at"":""2026-09-03"",""note"":""Review the submitted assurance package and document the acceptance rationale."",""action"":""Record created""},{""at"":""2026-09-12"",""note"":""Review the submitted assurance package and document the acceptance rationale."",""action"":""Evidence review""}]",DOC-3112,,,
,CO26-2114,Safety inspection report,Inspection,FAC-415,Summit facilities services,14,Counterparty: Summit Facilities. Inspection records and insurance evidence.,Daniel Chen,2026-10-20,2026-10-20,2026-09-04,Retain the completed inspection record with clear references to the contract requirement.,Complete,1,"[{""at"":""2026-09-04"",""note"":""Retain the completed inspection record with clear references to the contract requirement."",""action"":""Record created""},{""at"":""2026-09-12"",""note"":""The review outcome is recorded with the accountable owner."",""action"":""Complete""}]",DOC-3113,Jordan Lee,Deliverable and supporting evidence reviewed against the recorded contract requirement.,The review outcome is recorded with the accountable owner.
,CO26-2115,Support handover pack,Delivery,SOW-509,Meridian implementation,7,Counterparty: Meridian Consulting. Accepted milestones and knowledge transfer.,Priya Shah,2026-10-22,2026-10-22,2026-09-05,Confirm the deliverable is complete and record the verifier and evidence reference.,Waived,1,"[{""at"":""2026-09-05"",""note"":""Confirm the deliverable is complete and record the verifier and evidence reference."",""action"":""Record created""},{""at"":""2026-09-12"",""note"":""The review outcome is recorded with the accountable owner."",""action"":""Waived""}]",,,Deliverable and supporting evidence reviewed against the recorded contract requirement.,The review outcome is recorded with the accountable owner.
,CO26-2116,Annual account review,Reporting,MSA-101,Northstar managed services,14,Counterparty: Northstar Systems. Quarterly service report and annual assurance evidence.,Maya Brooks,2026-10-24,2026-10-24,2026-09-06,Provide the agreed report with supporting evidence and obtain a recorded internal review.,Upcoming,1,"[{""at"":""2026-09-06"",""note"":""Provide the agreed report with supporting evidence and obtain a recorded internal review."",""action"":""Record created""}]",,,,
