id,reference,title,context,master_code,master_name,policy_value,policy_note,owner,event_on,due_on,created_on,description,stage,revision,history,amount,receipt_ref,decision_note,payment_ref,outcome
,ER26-2101,Avery Morgan,MetroRail,TRAVEL,Ground travel,150,Itemized receipt required. Record the business journey.,Maya Brooks,2026-09-13,2026-09-12,2026-08-31,Return rail journey for the quarterly planning meeting.,Submitted,1,"[{""at"":""2026-08-31"",""note"":""Return rail journey for the quarterly planning meeting."",""action"":""Record created""}]",72.5,,,,
,ER26-2102,Sofia Chen,Harbor Hotel,HOTEL,Accommodation,300,Room-only charge per night; exclude personal extras.,Daniel Chen,2026-09-12,2026-09-13,2026-09-01,Overnight stay for the regional customer workshop.,Under review,1,"[{""at"":""2026-09-01"",""note"":""Overnight stay for the regional customer workshop."",""action"":""Record created""},{""at"":""2026-09-12"",""note"":""Overnight stay for the regional customer workshop."",""action"":""Under review""}]",245,RCPT-8201,,,
,ER26-2103,Leo Martin,Gather Kitchen,MEALS,Business meals,100,Itemized receipt and meeting purpose required.,Priya Shah,2026-09-11,2026-09-14,2026-09-02,Lunch with the project team during the onsite planning day.,Approved,1,"[{""at"":""2026-09-02"",""note"":""Lunch with the project team during the onsite planning day."",""action"":""Record created""},{""at"":""2026-09-12"",""note"":""Receipt and business purpose reviewed against the recorded policy."",""action"":""Approved""}]",64.8,RCPT-8202,Receipt and business purpose reviewed against the recorded policy.,,
,ER26-2104,Isla Patel,OfficeWorks,OFFICE,Office supplies,250,Receipt and business justification required.,Maya Brooks,2026-09-10,2026-09-15,2026-09-03,Replacement peripherals for the shared operations workspace.,Paid,1,"[{""at"":""2026-09-03"",""note"":""Replacement peripherals for the shared operations workspace."",""action"":""Record created""},{""at"":""2026-09-12"",""note"":""Reimbursement recorded in the payroll payment batch."",""action"":""Paid""}]",129.99,RCPT-8203,Receipt and business purpose reviewed against the recorded policy.,PAY-7103,Reimbursement recorded in the payroll payment batch.
,ER26-2105,Noah Reed,Learning Press,TRAINING,Learning materials,500,Receipt and relevance to the role required.,Daniel Chen,2026-09-09,2026-09-16,2026-09-04,Reference books for the analytics certification program.,Declined,1,"[{""at"":""2026-09-04"",""note"":""Reference books for the analytics certification program."",""action"":""Record created""},{""at"":""2026-09-12"",""note"":""Expense does not meet the recorded receipt requirement."",""action"":""Declined""}]",215,RCPT-8204,Receipt and business purpose reviewed against the recorded policy.,,Expense does not meet the recorded receipt requirement.
,ER26-2106,Maya Brooks,MetroRail,TRAVEL,Ground travel,150,Itemized receipt required. Record the business journey.,Priya Shah,2026-09-08,2026-09-17,2026-09-05,Return rail journey for the quarterly planning meeting.,Submitted,1,"[{""at"":""2026-09-05"",""note"":""Return rail journey for the quarterly planning meeting."",""action"":""Record created""}]",72.5,,,,
,ER26-2107,Elena Rossi,Harbor Hotel,HOTEL,Accommodation,300,Room-only charge per night; exclude personal extras.,Maya Brooks,2026-09-07,2026-09-12,2026-09-06,Overnight stay for the regional customer workshop.,Under review,1,"[{""at"":""2026-09-06"",""note"":""Overnight stay for the regional customer workshop."",""action"":""Record created""},{""at"":""2026-09-12"",""note"":""Overnight stay for the regional customer workshop."",""action"":""Under review""}]",245,RCPT-8206,,,
,ER26-2108,Owen Clarke,Gather Kitchen,MEALS,Business meals,100,Itemized receipt and meeting purpose required.,Daniel Chen,2026-09-06,2026-09-13,2026-09-07,Lunch with the project team during the onsite planning day.,Approved,1,"[{""at"":""2026-09-07"",""note"":""Lunch with the project team during the onsite planning day."",""action"":""Record created""},{""at"":""2026-09-12"",""note"":""Receipt and business purpose reviewed against the recorded policy."",""action"":""Approved""}]",64.8,RCPT-8207,Receipt and business purpose reviewed against the recorded policy.,,
,ER26-2109,Amara Wilson,OfficeWorks,OFFICE,Office supplies,250,Receipt and business justification required.,Priya Shah,2026-09-13,2026-09-14,2026-09-08,Replacement peripherals for the shared operations workspace.,Paid,1,"[{""at"":""2026-09-08"",""note"":""Replacement peripherals for the shared operations workspace."",""action"":""Record created""},{""at"":""2026-09-12"",""note"":""Reimbursement recorded in the payroll payment batch."",""action"":""Paid""}]",129.99,RCPT-8208,Receipt and business purpose reviewed against the recorded policy.,PAY-7108,Reimbursement recorded in the payroll payment batch.
,ER26-2110,Luca Grant,Learning Press,TRAINING,Learning materials,500,Receipt and relevance to the role required.,Maya Brooks,2026-09-12,2026-09-15,2026-08-31,Reference books for the analytics certification program.,Declined,1,"[{""at"":""2026-08-31"",""note"":""Reference books for the analytics certification program."",""action"":""Record created""},{""at"":""2026-09-12"",""note"":""Expense does not meet the recorded receipt requirement."",""action"":""Declined""}]",215,RCPT-8209,Receipt and business purpose reviewed against the recorded policy.,,Expense does not meet the recorded receipt requirement.
,ER26-2111,Nora Kim,MetroRail,TRAVEL,Ground travel,150,Itemized receipt required. Record the business journey.,Daniel Chen,2026-09-11,2026-09-16,2026-09-01,Return rail journey for the quarterly planning meeting.,Submitted,1,"[{""at"":""2026-09-01"",""note"":""Return rail journey for the quarterly planning meeting."",""action"":""Record created""}]",72.5,,,,
,ER26-2112,Ethan Singh,Harbor Hotel,HOTEL,Accommodation,300,Room-only charge per night; exclude personal extras.,Priya Shah,2026-09-10,2026-09-17,2026-09-02,Overnight stay for the regional customer workshop.,Under review,1,"[{""at"":""2026-09-02"",""note"":""Overnight stay for the regional customer workshop."",""action"":""Record created""},{""at"":""2026-09-12"",""note"":""Overnight stay for the regional customer workshop."",""action"":""Under review""}]",245,RCPT-8211,,,
,ER26-2113,Camille Park,Gather Kitchen,MEALS,Business meals,100,Itemized receipt and meeting purpose required.,Maya Brooks,2026-09-09,2026-09-12,2026-09-03,Lunch with the project team during the onsite planning day.,Approved,1,"[{""at"":""2026-09-03"",""note"":""Lunch with the project team during the onsite planning day."",""action"":""Record created""},{""at"":""2026-09-12"",""note"":""Receipt and business purpose reviewed against the recorded policy."",""action"":""Approved""}]",64.8,RCPT-8212,Receipt and business purpose reviewed against the recorded policy.,,
,ER26-2114,Theo Bennett,OfficeWorks,OFFICE,Office supplies,250,Receipt and business justification required.,Daniel Chen,2026-09-08,2026-09-13,2026-09-04,Replacement peripherals for the shared operations workspace.,Paid,1,"[{""at"":""2026-09-04"",""note"":""Replacement peripherals for the shared operations workspace."",""action"":""Record created""},{""at"":""2026-09-12"",""note"":""Reimbursement recorded in the payroll payment batch."",""action"":""Paid""}]",129.99,RCPT-8213,Receipt and business purpose reviewed against the recorded policy.,PAY-7113,Reimbursement recorded in the payroll payment batch.
,ER26-2115,Aisha Hayes,Learning Press,TRAINING,Learning materials,500,Receipt and relevance to the role required.,Priya Shah,2026-09-07,2026-09-14,2026-09-05,Reference books for the analytics certification program.,Declined,1,"[{""at"":""2026-09-05"",""note"":""Reference books for the analytics certification program."",""action"":""Record created""},{""at"":""2026-09-12"",""note"":""Expense does not meet the recorded receipt requirement."",""action"":""Declined""}]",215,RCPT-8214,Receipt and business purpose reviewed against the recorded policy.,,Expense does not meet the recorded receipt requirement.
,ER26-2116,Oliver Diaz,MetroRail,TRAVEL,Ground travel,150,Itemized receipt required. Record the business journey.,Maya Brooks,2026-09-06,2026-09-15,2026-09-06,Return rail journey for the quarterly planning meeting.,Submitted,2,"[{""at"":""2026-09-06"",""note"":""Return rail journey for the quarterly planning meeting."",""action"":""Record created""},{""at"":""2026-09-17T20:33:52.080Z"",""note"":""Demo"",""action"":""Submitted"",""previous_stage"":""Submitted"",""previous_details"":{""amount"":72.5,""outcome"":"""",""payment_ref"":"""",""receipt_ref"":"""",""decision_note"":""""},""previous_revision"":1}]",72.5,,Demo,,
